1007,1.4,1
1007,1.6,3
106,S16,1
117クーペ,XC,3
117クーペ,XE,1
180SX,2.0タイプII,1
180SX,2.0タイプIII,1
180SX,2.0タイプR,4
180SX,2.0タイプX,4
180SX,ターボ,1
180SX,チューニングベース!車高調&マフラー,2
190クラス,190E,1
190クラス,190E2.6,2
1itReverseTrike水冷250cc　新車,4サイクル　4バルブ　エンジン,1
1シリーズ,116i,4
1シリーズ,118i,5
1シリーズ,118iMスポーツパッケージ,1
1シリーズ,120i,1
1シリーズクーペ,135i,3
2002シリーズ,2002tii,1
2002シリーズ,2002turbo,7
2002シリーズ,2002タルガカブリオレ,2
2002シリーズ,タルガカブリオレ,1
206,S16リミテッド,1
206,XS,2
206,ローランギャロス,1
206CC,1.6,1
206SW,XS,2
207,GT,1
207,HDI1.6　GT,1
207,シエロ,1
208,プレミアム,1
222,SE,1
240,セダン,1
240エステート,240GLエステート,2
240エステート,クラシック,2
300,Limited,1
300C,3.5,1
300C,SRT8,2
306,XSi,1
306,スタイル,1
306カブリオレ,2.0,1
307,XS,3
307,XSi,1
307,フェリーヌ,2
307CC,2.0,2
307CC,プレミアム,1
307SW,2.0,2
308,ヴォワヤージュ,2
3200GT,3.2,3
356,356B,3
356,C/SCマッチング　証明書,2
356,C証明書,2
356,レプリカ,1
360GT,ミザーノ,1
360スパイダー,F1,1
360モデナ,3.6,1
360モデナ,F1,3
365GT2+2,365GT2+2,3
3シリーズ,1985年　325　アルピンホワイト,1
3シリーズ,318i,1
3シリーズ,318iMスポーツ,3
3シリーズ,318iMスポーツパッケージ,3
3シリーズ,318iハイラインパッケージ,4
3シリーズ,320dブルーパフォーマンスMスポーツ,1
3シリーズ,320i,12
3シリーズ,320iMスポーツパッケージ,5
3シリーズ,320ixドライブMスポーツ4WD,1
3シリーズ,320ixドライブラグジュアリー4WD,1
3シリーズ,320i　社外サス　18アルミ,1
3シリーズ,320iハイラインパッケージ,1
3シリーズ,325i,1
3シリーズ,325iハイラインパッケージ,1
3シリーズ,E30　320isゲトラグクロス5MT,1
3シリーズカブリオレ,330CiMスポーツ,1
3シリーズクーペ,3.0CS,1
3シリーズクーペ,318Ci,1
3シリーズクーペ,320iMスポーツパッケージ,1
3シリーズクーペ,320iMテクニック,1
3シリーズクーペ,320iハイラインパッケージ,1
3シリーズクーペ,328i,1
3シリーズクーペ,330CiMスポーツパッケージ,1
3シリーズツーリング,318i,5
3シリーズツーリング,318iMスポーツ,2
3シリーズツーリング,318iMスポーツパッケージ,2
3シリーズツーリング,320iMスポーツ,1
3シリーズツーリング,320ixドライブスポーツ4WD,1
3シリーズツーリング,320iハイラインパッケージ,1
4,GTL,1
406ブレーク,2.0,2
407,エグゼクティブ,1
430challenge,430challenge,1
458イタリア,F1DCT,3
458イタリア,チャレンジ,1
458スパイダー,F1DCT,1
4ランナー,SR54.0V64WD,1
500(チンクエチェント),1.28Vスポーツ,1
500(チンクエチェント),1.416Vスポーツ,1
500(チンクエチェント),1.416Vラウンジ,1
500C,1.28Vポップ,1
500C,バイグッチ,2
512TR,512TR,1
550マラネロ,マラネロ,1
575Mマラネロ,F1,7
595,50thアニバーサリー,1
599,F1,2
5シリーズ,523iMスポーツ,1
5シリーズ,523iモダン,2
5シリーズ,525i,3
5シリーズ,525iMスポーツ,1
5シリーズ,525iMスポーツパッケージ,3
5シリーズ,525iハイライン,1
5シリーズ,525iハイラインパッケージ,3
5シリーズ,530iMスポーツパッケージ,1
5シリーズ,530iハイラインパッケージ,2
5シリーズ,540iMスポーツ,1
5シリーズ,550i,1
5シリーズ,E12528　初代5シリーズ,1
5シリーズ,E28M535iサンルーフ,1
5シリーズ,M535i,4
5シリーズ,アクティブハイブリッド5Mスポーツ,1
5シリーズツーリング,525i,1
5シリーズツーリング,525iMスポーツパッケージ,2
5シリーズツーリング,530iMスポーツパッケージ,1
5シリーズツーリング,530iハイライン,1
612スカリエッティ,F1,1
612スカリエッティ,エンハンストF1,1
6シリーズ,635CSi,2
6シリーズ,650i,1
7シリーズ,735iMスポーツ,2
7シリーズ,740Li,1
7シリーズ,750Li,1
7シリーズ,750i,1
7シリーズ,750iMスポーツパッケージ,1
850エステート,850Rエステート国内25台限定車5速MT,2
86,2.0GT,2
86,2.0GTリミテッド,2
8シリーズ,850i,1
9-3,リニア,1
9-3カブリオレ,2.0t,1
9-3スポーツエステート,エアロ2.8TV6XWD4WD,2
9-5,2.3t,1
9-5,SE2.3t,2
9-5,リニア2.3t,1
9-5エステート,リニアスペシャルパッケージ,1
900セダン,i16,2
911,3.3ナローS,3
911,Carrera2,1
911,E,3
911,GT3,5
911,L,1
911,SC,1
911,S　2.7L,1
911,カレラ,2
911,カレラ2,2
911,カレラ2タルガティプトロニック,1
911,カレラ4SティプトロニックS4WD,2
911,カレラS,1
911,カレラSティプトロニックS,5
911,カレラクーペタイプI,2
911,カレラクーペタイプIIティプトロニックS,1
911,カレラティプトロニックS,17
911,ターボ4WD,1
911,ターボPDK4WD,1
911,ターボクーペ4WD,1
911,ターボティプトロニックS4WD,1
911,初期型911,5
911カブリオレ,カレラティプトロニック,1
911カブリオレ,カレラティプトロニックS,1
911カブリオレ,ターボPDK4WD,1
911カブリオレ,ターボティプトロニックS4WD,1
914,2.0,1
928,S4　5MT　ディーラー車,2
928,ゲンバラ仕様,1
940エステート,タック,1
A112,アバルト,1
A3,1.8,4
A3,1.8T,5
A3スポーツバック,1.4TFSI,1
A3スポーツバック,2.0TFSIクワトロ4WD,1
A4,1.8TFSISEパッケージ,1
A4,1.8Tq4WD,1
A4,1.8Tクワトロ4WD,4
A4,2.0,1
A4,2.0TFSIクワトロ4WD,2
A4,2.0TFSIクワトロSラインパッケージ4WD,3
A4,3.0クワトロSE4WD,1
A4アバント,1.8TFSISEパッケージ,1
A4アバント,1.8Tクワトロ4WD,2
A4アバント,1.8TクワトロSE4WD,1
A4アバント,2.0,1
A4アバント,2.0Sライン,3
A4アバント,2.0TFSISラインパッケージ,2
A4アバント,2.0TFSIクワトロSラインパッケージ4WD,1
A4アバント,3.0クワトロ4WD,1
A5カブリオレ,3.2FSIクワトロ4WD,1
A5スポーツバック,2.0TFSIクワトロ4WD,4
A6,3.2FSIクワトロ4WD,1
A8,4.2クワトロ4WD,1
ADバン,1.8DX4WD,1
ATS,プレミアム,1
AZ-オフロード,660XL4WD,1
AZ-ワゴン,660FM-G,2
AZ-ワゴン,660FX,2
AZ-ワゴン,660RR,1
AZ-ワゴン,660XG,4
AZ-ワゴン,FX,1
Aクラス,A160エレガンスリミテッド,1
Aクラス,A170,2
Aクラス,A190アバンギャルド,1
B12,-5.7　ショートボディ,1
B3,3.0/1,1
B3ツーリング,S3.3,1
B7,スーパーチャージ,2
BMWアルピナ,Z1ロードスターリミテッドエディション,1
BRZ,2.0tSGTパッケージ,1
BX,16TZi,1
Be-1,1.0,1
Bクラス,B170スポーツパッケージ,1
Bクラス,B180,1
Bクラス,B200,1
C3,1.6,1
C3,1.6エクスクルーシブ,1
C3,エクスクルーシブ,1
C4,1.6EX,1
C5,2.0,2
C5セダン,3.0エクスクルーシブ,1
C70カブリオレ,ベースモデル,3
CLAクラス,CLA180AMGライン,1
CLKクラス,CLK55,1
CLKクラス,CLK　GT-R,1
CLKクラスカブリオレ,CLKデジーノbyジョルジオアルマーニ,3
CLSクラス,CLS350,1
CLSクラス,CLS500スポーツパッケージ,3
CLSクラス,CLS63,4
CLクラス,CL500,4
CLクラス,CL55,2
CR-V,2.020G,1
CR-V,2.0フルマーク4WD,1
CR-V,2.4ZX4WD,1
CR-X,Si,2
CR-Z,1.5MUGENRZ,1
CR-Z,1.5アルファ,1
CTS,3.0プレミアム,1
CTS,エレガンス,1
CX-7,2.34WD,2
Cクラス,C180コンプレッサー,1
Cクラス,C200,1
Cクラス,C200コンプレッサー,2
Cクラス,C220,3
Cクラス,C240,6
Cクラス,C36正規ディーラー車社外オーディオ,1
Cクラス,C63,1
Cクラスクーペ,C180ブルーエフィシェンシー,1
Cクラススポーツクーペ,C200コンプレッサーエボリューション,2
Cクラスワゴン,C180コンプレッサーアバンギャルドリミテッド,1
Cクラスワゴン,C200コンプレッサーアバンギャルド,1
Cクラスワゴン,C250アバンギャルド,1
DB9,タッチトロニック,1
DS3,スポーツシック,3
DS4,シック6AT,1
E350,BCヴァーノンC-22.5　キャンピングカー,1
Eクラス,280E,1
Eクラス,E240,1
Eクラス,E240アバンギャルドリミテッド,1
Eクラス,E280,2
Eクラス,E300アバンギャルド,2
Eクラス,E320,1
Eクラス,E320アバンギャルド,2
Eクラス,E320アバンギャルドスポーツパッケージ,1
Eクラス,E350アバンギャルド,5
Eクラス,E350アバンギャルドS,2
Eクラス,E50,1
Eクラス,E500,4
Eクラス,E500リミテッド,1
Eクラス,E55,1
Eクラスクーペ,E350,1
Eクラスワゴン,E220,1
Eクラスワゴン,E240,1
Eクラスワゴン,E250CGIブルーエフィシェンシー,1
Eクラスワゴン,E250アバンギャルド,1
Eクラスワゴン,E3004マチック4WD,1
Eクラスワゴン,E320,3
Eクラスワゴン,E320アバンギャルド,7
Eタイプ,シリーズⅡ　ロードスター,1
F,1.8i,2
F,1.8iVVC,1
F-150,F150ラリアットクルーキャブ,1
F-150,XLT,1
F355,F1ベルリネッタ,3
F355,GTS,1
F355,ベルリネッタ,1
F355スパイダー,F1,1
F40,F40,3
F430,F1,2
F430,challenge,1
F430スパイダー,F430supaida-,3
F512M,F512M,1
F512M,F512Mハーマンワイドボディ,3
FJクルーザー,4.04WD,6
FJクルーザー,4.0カラーパッケージ4WD,1
FJクルーザー,トレイルチーム　SP　ED,1
FTO,1.8GS,1
FX,454WD,2
G200LAトライク　4本出しマフラー,200,1
GLKクラス,GLK3004マチック4WD,1
GLクラス,GL450,1
GLクラス,GL450　4マチック　4WD,1
GS,250Fスポーツ,1
GS,350,1
GS,350Fスポーツ,2
GS,430,1
GT-R,3.8ピュアエディション4WD,1
GTO,3.0ツインターボMR4WD,2
Gクラス,G320ロング4WD,3
Gクラス,G350ブルーテックロングディーゼルターボ4WD,3
Gクラス,G500L4WD,1
Gクラス,G500ロング4WD,3
Gクラス,G55ロング4WD,4
H1,1,1
H1,6.5L　ターボディーゼル　正規ディーラー車,7
H1,H1,1
H1,null,1
H2,6.04WD,1
H2,タイプG4WD,2
H2,新車並行　ZENONフルカスタム,1
H3,ベースグレード,1
H3T,アルファ5.3V84WD,1
IS,250バージョンL,2
IS,350,1
IS,350バージョンL,2
JUMPER,VAN,1
K,ベースモデル,4
K-5ブレイザー,シルバラード　ディーラー車,1
K10,(GMC　シエラ),2
Kei,66021世紀記念スペシャルEX,2
Kei,660A,1
Kei,660Bターボ,1
Kei,660Bターボ4WD,2
Kei,660　ターボ,1
Kei,660スポーツ,1
Kei,660スポーツ4WD,1
Kei,660ワークス,1
LFA,4.8,7
LS,460,1
LS,460Iパッケージ,3
LS,460バージョンU,1
LSハイブリッド,600hIパッケージ4WD,3
LSハイブリッド,600hバージョンSIパッケージ4WD,1
M3,3.0,1
M3,3.2,1
M3,E30M3クロスM/T　アイディング,2
M5,4.4,2
M5,5.0,3
M6,4.4,1
M6,5.0,1
MAX,660L,1
MAX,660Li,1
MAX,660RS4WD,1
MAX,660X,1
MG,MGB,1
MPV,2.0アーバンブレイク,1
MPV,2.323C,4
MPV,2.323C4WD,1
MPV,2.323T,1
MPV,2.323T4WD,1
MPV,2.3エアロリミックス,4
MPV,2.3エアロリミックス4WD,1
MPV,2.3スポーツ,1
MPV,2.5VS4WD,3
MPV,2.5ジャイブ＆ジュークシリーズ〈スポーツ〉サウンドセレクション,1
MPV,2.5スポーツパッケージ4WD,4
MPV,3.0エアロリミックス,1
MR-S,1.8Vエディションシーケンシャル,3
MR2,1.6Gスーパーチャージャー,1
MR2,1.6GリミテッドTバールーフ,2
MR2,1.6GリミテッドスーパーチャージャーTバールーフ,1
MR2,1.6GリミテッドスーパーチャージャーハーフミラーTバールーフ,1
MR2,2.0GT-S,1
MR2,2.0Gリミテッド,8
MR2,2.0GリミテッドTバールーフ,1
MRワゴン,660E,1
MRワゴン,660G,1
MRワゴン,660N-1,2
MRワゴン,660X,3
MRワゴン,660X4WD,1
MRワゴン,660XSリミテッド,1
MRワゴン,660Xセレクション,1
MRワゴン,660cc,1
MRワゴン,660エコXセレクション,1
MRワゴン,660ターボT,1
MW,1.3Gセレクション,1
Morgan,3wheeler,2
Mクラス,ML3204WD,2
Mクラス,ML634WD,1
N-BOX,660G4WD,2
N-BOX,660GLパッケージ,3
N-BOX,660Gターボパッケージ,2
N-BOX,660カスタムG,1
N-BOX,660カスタムGLパッケージ,1
N-BOX,660カスタムGSSパッケージ,1
N-BOX,660カスタムGターボSSパッケージ,1
N-BOX,660カスタムGターボSSパッケージ2トーンカラースタイル,2
N-BOX,660カスタムGターボパッケージ,1
N-ONE,660GLパッケージ,1
N-ONE,660プレミアムツアラーLパッケージ,1
N-WGN,660G,4
N-WGN,660GAパッケージ,3
N-WGN,660カスタムG,2
N-WGN,660カスタムGAパッケージ,1
N-WGN,660カスタムGターボパッケージ,1
N360,N-Ⅲ,2
NSX,3.0,13
NT100クリッパー,4WD福祉車両　電動リフト付　4人乗,1
NT100クリッパー,660SD,1
NV200バネット,マリナRV　HALF　FFヒーター,2
NV200バネットバン,1.6DX,1
NV350キャラバン,2.0プレミアムGXロングボディ,3
NV350キャラバン,2.5プレミアムGXクロムギアパッケージロングボディディーゼルターボ,1
PTクルーザー,クラシック,2
PTクルーザー,リミテッド,5
PTクルーザーカブリオ,リミテッド,2
Q7,3.6FSIクワトロ4WD,1
Q7,3.6FSIクワトロアダプティブエアサスペンション仕様4WD,2
QX,56,1
QX,564WD,1
R1,660R,1
R1,660R4WD,1
R1,660i,2
R2,660R,1
R2,660S,1
R2,660i,2
R2,660iカジュアル,1
RAV4,2.0JX4WD,1
RAV4,2.4スポーツ4WD,1
RCZ,カーボンルーフパック,3
RVR,2.0X34WD,2
RVR,2.0スポーツギアX34WD,2
RX,350,2
RX-7,タイプR,1
RX-7,タイプRB,1
RX-7,タイプRBSパッケージ,1
RX-7,タイプRBバサーストX,1
RX-7,タイプRS,3
RX-8,スポーツプレステージリミテッドタイプE,1
RX-8,タイプE,2
RX-8,タイプRS,3
RX-8,タイプS,8
RX-8,ベースモデル,2
RX-8,マツダスピードバージョンII,1
RXハイブリッド,450hFスポーツ4WD,1
RXハイブリッド,450hバージョンL4WD,1
RXハイブリッド,450hバージョンS4WD,1
S-10ブレイザー,4.34WD,3
S-MX,2.0,1
S-MX,2.0ローダウン,3
S2000,2.0,4
S2000,2.2タイプS,1
S3スポーツバック,2.04WD,4
S4アバント,3.04WD,1
S60,2.4,2
S60,T4Rデザイン,2
S60,T6AWDSE4WD,1
S600,600,3
S6アバント,5.24WD,1
S8,4.24WD,1
S8,5.24WD,1
SAI,2.4S,3
SC,430,5
SC,WORK　シュバートSC4車高調,1
SLKクラス,SLK200コンプレッサー,1
SLSクラス,SLSAMG,1
SLクラス,380SL,3
SLクラス,SL350,4
SLクラス,SL500,7
SLクラス,SL55,5
SLクラス,SL550,1
SMCX-KART50,.,1
SRX,コマンダーGT　キャンピングカー,1
SRXクロスオーバー,プレミアム,2
SRXクロスオーバー,ラグジュアリー,1
STS,4.6AWD4WD,1
SX4,1.5XG,1
Sクラス,280SE,1
Sクラス,560SEL,2
Sクラス,560SEL　左ハンドル　黒レザー,1
Sクラス,AMG560SEL6.0-4V,1
Sクラス,S280,4
Sクラス,S320,5
Sクラス,S350,3
Sクラス,S430,1
Sクラス,S500,8
Sクラス,S500ロング,4
Sクラス,S500ロングAMGスポーツエディション,1
Sクラス,S500ロングスポーツエディション,2
Sクラス,S550LロングAMGスポーツパック,1
Sクラス,S550ロング,1
Sクラス,S55L,1
Sクラス,S600L,2
Sクラス,S63ロング,1
Sクラス,S65ロングデジーノV12ビターボ,2
Sクラス,ハイブリッドロング,1
Sクラスクーペ,560SEC,1
Sクラスクーペ,S600,1
Sタイプ,2.5V6,1
Sタイプ,4.0V8,1
TT,クーペ1.8T,12
TT,クーペ1.8Tクワトロ4WD,1
TT,クーペ2.0TFSIリミテッド100イヤーズアニバーサリー,1
TT,クーペ3.2クワトロSライン4WD,2
TTSクーペ,2.04WD,2
TTロードスター,1.8T,1
V40,T-4特別限定車,2
V50,2.0eアクティブ,1
V50,2.0eアクティブプラス,1
V50,2.4レザーP,2
V50,T-5　AWD,1
V60,T6AWDSE,1
V70,2.4,3
V70,2.520V,1
V70,2.5T,1
V70,2.5TAWD,1
V70,2.5TLE,1
V70,R4WD,1
V70,SE,1
V70,オーシャンレースリミテッド,1
V70,ノルディック,2
V70,レザーファミリーP,3
V70XC,クロスカントリー2.4T4WD,1
V8,ヴァンテージスポーツシフトII,2
V90,3.0E,2
Vクラス,V230,1
Vクラス,V350ホワイトエディション,1
WC321RB,7.5,2
WiLLVi,1.3,2
WiLLVi,1.3キャンバストップ,2
WiLLサイファ,1.3,3
X1,sドライブ18i,1
X1,sドライブ18iMスポーツパッケージ,2
X1,sドライブ18ixライン,1
X1,xドライブ20i4WD,2
X1,xドライブ20ixライン4WD,1
X1,xドライブ20iスポーツ4WD,2
X1,xドライブ28i4WD,2
X1/9,プロトティーポ仕様,1
X1/9,ベルトーネ　X1/9,2
X3,2.5i4WD,1
X3,2.5iMスポーツパッケージ4WD,2
X3,2.5siMスポーツパッケージI(スポーツ・サスペンション）4WD,4
X3,3.0i4WD,1
X3,xドライブ20i4WD,2
X3,xドライブ35i4WD,1
X5,3.0i4WD,2
X5,3.0siMスポーツパッケージ4WD,2
X5,xドライブ30iMスポーツパッケージ4WD,1
X6,xドライブ35i4WD,2
X6M,4.44WD,1
XC60,T5Rデザイン,1
XC60,ボルボXC60　D5,2
XC70,2.5T4WD,2
XC70,ベースモデル4WD,2
XC90,2.5T4WD,4
XG,300L,2
XJ,XJ6-4.0S,2
XJ,XJプレミアムラグジュアリー,1
XJ,ソブリン4.0-V8,1
XJコンバーチブル,XJ-S4.0,1
XKクーペ,8スポーツ,1
XKコンバーチブル,XKロードスター,1
Xタイプ,2.5V64WD,1
Xタイプ,2.5V6スポーツ4WD,1
Xタイプ,3.0V6SE4WD,2
Xタイプエステート,2.0V6SE,1
YRV,1.3ターボパノラマパック,1
YRV,1.3パルコ-L,1
YRV,ターボR　パノラマルーフ,1
Z,6604WD,2
Z,660スーパーエモーション4WD,2
Z,660ターボ4WD,1
Z,660ターボスーパーエモーション4WD,1
Z3,ロードスター,2
Z3,ロードスター2.0,5
Z3,ロードスター2.2iエディション2,1
Z4,sドライブ23i,4
Z4,ロードスター2.2i,2
Z4,ロードスター2.5i,3
bB,1.3S,1
bB,1.3SXバージョン,11
bB,1.3SエアロGパッケージ,1
bB,1.3Sガーネットエディション,1
bB,1.3SガーネットエディションII,1
bB,1.5S4WD,1
bB,1.5SWバージョン4WD,1
bB,1.5Z,1
bB,1.5ZHIDセレクション,1
bB,1.5ZQバージョン,5
bB,1.5ZXバージョン,5
bB,1.5公認,1
eKカスタム,660T,1
eKクラッシィ,660L,1
eKスポーツ,4WD,2
eKスポーツ,660R,2
eKスポーツ,660R4WD,1
eKワゴン,660G4WD,1
eKワゴン,660M,13
eKワゴン,660M20Gサンクスエディション,1
eKワゴン,660M20サンクスエディション,1
eKワゴン,660MS,2
eKワゴン,660MXパッケージ4WD,1
eKワゴン,660MXパッケージM2,2
eKワゴン,660ジョイフィールド,1
eKワゴン,660ブラックインテリアエディションM,2
eKワゴン,MX,1
iQ,1.0100G,3
iQ,1.0100X2シーター,1
ist,1.3Fアクアバージョン,1
ist,1.5S,1
up!,highup!,5
up!,moveup!,1
アイ,660G,2
アイ,660L,2
アイ,660M,2
アイ,660S,2
アイ,660ブルームエディション,1
アイ,660プレイエディション,1
アイシス,1.8L,1
アイシス,1.8プラタナ,1
アイシス,2.0プラタナ,7
アイシス,2.0プラタナ4WD,1
アイシス,2.0プラタナウェルキャブサイドリフトアップシート車Aタイプ4WD,1
アイシス,サイドリフトアップシート,1
アイ・ミーブ,ベースモデル,2
アウディ,RS2アバントクアトロ4WD,7
アウトランダー,2.4G4WD,3
アクア,1.5Gブラックソフトレザーセレクション,2
アクア,1.5S,4
アクセラ,2.0ハイブリッドC,1
アクセラスポーツ,1.515C,2
アクセラスポーツ,1.515S,2
アクティトラック,660SDX,1
アクティバン,660SDX,10
アクティバン,ストリートG,1
アコード,2.0Si　前期,1
アコード,2.0VTS,1
アコードクーペ,EX,1
アコードワゴン,2.020A,1
アコードワゴン,2.3SiR,1
アコードワゴン,2.3VTL,1
アコードワゴン,2.3VTL4WD,1
アコードワゴン,2.3Vi,2
アコードワゴン,2.424E,1
アコードワゴン,2.424Eエクスクルーシブパッケージ,1
アコードワゴン,2.424T,1
アコードワゴン,2.424Tスポーツパッケージ,2
アストラカブリオ,2.0,2
アストラカブリオ,2.2,1
アストラワゴン,1.8CD,2
アストロ,LS2WD,2
アストロ,LS4WD,1
アストロ,スタークラフト　ブロアムLTD　AWD,1
アストロ,ハイルーフ　エアロテック　1年保証付,1
アテンザ,2.3マツダスピード4WD,1
アテンザスポーツ,2.323S,2
アテンザスポーツワゴン,2.323C,1
アテンザスポーツワゴン,2.323S,1
アテンザスポーツワゴン,2.323S4WD,1
アトラス,1.15トン,1
アトラス,2.7ロングフルスーパーローVZディーゼル4WD,1
アトラス,4.8スーパーローディーゼル,1
アトラス,トラック4.8D　2.0tロング幌付き,1
アトレー,660CLハイルーフ,1
アトレー,660カスタムターボロールーフ4WD,2
アトレー7,1.3Lリミテッドハイルーフ4WD,1
アトレーワゴン,4WD　スローパー,1
アトレーワゴン,660CXハイルーフ,1
アトレーワゴン,660カスタムターボRS,3
アトレーワゴン,660カスタムターボロールーフ4WD,3
アトレーワゴン,660フレンドシップリヤシートリフト,1
アトレーワゴン,リアスロープ4人　車いす電動固定,1
アベンシスワゴン,2.0Li,2
アリオン,1.5A15,1
アリスト,3.0S300,1
アリスト,3.0S300ウォールナットパッケージ,1
アリスト,3.0S300ベルテックスエディション,3
アリスト,3.0V300ベルテックスエディション,11
アリスト,3.0VA300TOM’S,1
アリスト,V300　　ターボ5速,3
アルシオーネSVX,3.3S34WD,1
アルシオーネSVX,3.3S44WD,4
アルシオーネSVX,3.3バージョンL4WD,3
アルテッツァ,2.0AS200,2
アルテッツァ,2.0AS200Zエディション,2
アルテッツァ,2.0AS200ワイズセレクションIII,1
アルテッツァ,2.0RS200,1
アルテッツァ,2.0RS200Zエディション,1
アルテッツァ,2.0RS200クオリタート,1
アルテッツァジータ,3.0AS3004WD,2
アルト,660E,2
アルト,660F,6
アルト,660G,2
アルト,660GII,1
アルト,660VP,1
アルト,660VS,2
アルト,660Vs,4
アルト,660エポ,1
アルト,660エポターボ,1
アルト,C2,1
アルトラパン,660G,13
アルトラパン,660G4WD,5
アルトラパン,660Gエディション,1
アルトラパン,660Gセレクション,1
アルトラパン,660L,4
アルトラパン,660LリミテッドII,2
アルトラパン,660SS,4
アルトラパン,660X,11
アルトラパン,660X2,4
アルトラパン,660X24WD,2
アルトラパン,660X4WD,1
アルトラパン,660XL,3
アルトラパン,660XL4WD,2
アルトラパン,660Xセレクション,1
アルトラパン,660キャンバストップ,1
アルトラパン,660ショコラG,3
アルトラパン,660ショコラX,2
アルトラパン,660ターボ,3
アルトラパン,660モード,3
アルトワークス,660RS/R4WD,1
アルトワークス,660RS/Z,8
アルトワークス,660RS/Z4WD,1
アルトワークス,660ie4WD,5
アルトワークス,660ターボie/s,3
アルトワークス,660リミテッド,1
アルピーヌ,A610ターボ,1
アルピーヌ,V6ターボ,1
アルファ145,クアドリフォリオ,11
アルファ145,クアドリフォリオセリエ・スペチアーレ,1
アルファ147,1.6ツインスパーク,5
アルファ147,2.0ツインスパーク,2
アルファ147,2.0ツインスパークセレスピード,8
アルファ147,TI2.0ツインスパーク,1
アルファ147,TI2.0ツインスパークセレスピードスポーツサスペンション,1
アルファ147,スペチアーレセレスピード,1
アルファ147,セレスピード,1
アルファ155,V6,5
アルファ156,2.0JTSセレスピード,1
アルファ156,2.0ツインスパーク,1
アルファ156,2.0ツインスパークセレスピード,2
アルファ156,2.5V624V,1
アルファ156,GTA,1
アルファ156スポーツワゴン,V624VQシステム,1
アルファ164,L,2
アルファ166,2.5V624Vスポルトニック,2
アルファ33,16V,1
アルファ75,ツインスパーク,2
アルファGT,2.0JTSセレスピードエクスクルージブ,1
アルファGT,スポルティーバ2.0JTSセレスピード,1
アルファGTV,2.0ツインスパーク,1
アルファスパイダー,2.0ツインスパーク16V,1
アルファード,2.4240S,1
アルファード,2.4240SタイプゴールドII,3
アルファード,2.4240X4WD,3
アルファード,2.4GAS,6
アルファード,2.4GASプレミアム・アルカンターラバージョン,1
アルファード,2.4GAXLエディション,1
アルファード,2.4VASプラチナセレクションII,1
アルファード,2.4VASリミテッド・デュアルAVNスペシャル,1
アルファード,2.4VAXLエディション,3
アルファード,3.0GMS,3
アルファード,3.0GMS4WD,2
アルファード,3.0GMXトレゾア・アルカンターラバージョン,1
アルファード,3.0GMZ,2
アルファード,3.0GMZ4WD,1
アルファード,3.0GMZGエディション4WD,1
アルファード,3.0VMS4WD,1
アルファード,3.0VMXLエディション4WD,1
アルファード,3.5350G4WD,1
アルファード,3.5350SCパッケージ4WD,1
アルファード,3.5350Sプライムセレクション,2
アルファードハイブリッド,2.44WD,2
アルファードハイブリッド,2.4Gエディション4WD,1
アルファードハイブリッド,2.4SRプレミアムシートパッケージ4WD,2
アルファードハイブリッド,福祉車輌,1
アルマダ,プラチナム　新車並行　1オーナー,2
アンフィニRX-7,タイプR,2
アンフィニRX-7,タイプRBバサースト,5
アンフィニRX-7,タイプRS,1
アヴァンシア,2.3ヌーベルバーグ,3
アヴァンシア,3.0V-44WD,1
アヴァンタイム,3.0,2
イプサム,2.4240iタイプS,1
イプサム,2.4240s,4
イプサム,2.4240s4WD,1
イプシロン,DFN　純正アルミ,1
イプシロン,プラチナ,1
インサイト,1.3G,1
インサイト,1.3GHDDナビスペシャルエディション,1
インサイト,1.3L,1
インスパイア,3.030TL,3
インスパイア,3.535TL,1
インテグラ,1.6Ti,1
インテグラ,1.8SiVTEC,1
インテグラ,2.0タイプS,1
インテグラタイプR,2.0,1
インパラ,63クーペ,1
インパラ,クーペ,1
インパラ,コンバーチブル,1
インプレッサ,1.5i,1
インプレッサ,2.0WRX4WD,2
インプレッサ,2.0WRXNB4WD,2
インプレッサSTI,2.0S202STIバージョン4WD,4
インプレッサSTI,2.0WRX4WD,9
インプレッサXV,ハイブリッド2.0i-Lアイサイト4WD,3
インプレッサスポーツワゴン,1.515i,1
インプレッサスポーツワゴン,1.515i-S,1
インプレッサスポーツワゴン,1.5I’s,1
インプレッサスポーツワゴン,1.5i4WD,1
インプレッサスポーツワゴン,2.0WRX4WD,1
インプレッサハッチバック,1.5i-S4WD,3
インプレッサハッチバックSTI,2.0WRX4WD,1
インプレッサハッチバックSTI,2.5WRXAライン4WD,1
ウィザード,3.2LSE4WD,1
ウィッシュ,1.8S,1
ウィッシュ,1.8X,6
ウィッシュ,1.8X4WD,2
ウィッシュ,1.8XSパッケージ,5
ウィッシュ,1.8Xエアロスポーツパッケージ,3
ウィッシュ,2.0Z,3
ウィンダム,2.5Gクルージングエディション,1
ウィンダム,3.0Gブラックセレクション,1
ウイングロード,1.515RX,2
ウイングロード,1.515RXFOUR4WD,1
ウイングロード,1.5G,1
ウニモグ,5.7ディーゼルターボU12004WD,1
エアウェイブ,1.5G4WD,1
エアウェイブ,1.5Lスカイルーフ,1
エアウェイブ,1.5MHIDエディション4WD,2
エアトレック,2.020V,1
エアトレック,2.0ターボR4WD,2
エアトレック,2.424V4WD,1
エキシージ,S,2
エキスパート,1.8L-G,1
エクシーガ,2.5I-Sアルカンターラセレクション,1
エクストレイル,2.020X4WD,7
エクストレイル,2.020Xt4WD,2
エクストレイル,2.0St4WD,1
エクストレイル,2.0X4WD,2
エクストレイル,2.0Xtt4WD,1
エクスプレス,コンバージョン　1ナンバー登録車,2
エクスプローラー,XLT4WD,2
エクスプローラー,エディバウアー4WD,2
エクスプローラー,リミテッド4WD,1
エクスプローラー,走行証明書リミテッドエコブースト,1
エコノライン,E350カリスタクルーザー,2
エスカルゴ,1.5,1
エスカルゴ,1.5キャンバストップ,1
エスカレード,6.04WD,1
エスカレード,ESVクライメイトRE-PKG,1
エスカレードEXT,6.04WD,1
エスクード,2.0XG4WD,1
エスクード,2.0ヘリーハンセンリミテッド4WD,1
エスクード,2.4XG4WD,1
エスクード,2.4オニールリミテッド4WD,2
エスクード,2.4クロスアドベンチャー4WD,1
エスクード,2.4サロモンリミテッド4WD,1
エスティマ,2.4,1
エスティマ,2.4G,2
エスティマ,2.4LX,1
エスティマ,2.4Lアエラス,7
エスティマ,2.4Lアエラス4WD,2
エスティマ,2.4LアエラスGエディションナビスペシャル,1
エスティマ,2.4LアエラスS,1
エスティマ,2.4TG,1
エスティマ,2.4Tアエラス,5
エスティマ,2.4V,1
エスティマ,2.4アエラス,4
エスティマ,2.4アエラス4WD,2
エスティマ,2.4アエラスGエディション,1
エスティマ,2.4アエラスGエディション4WD,1
エスティマ,2.4アエラスSパッケージ,1
エスティマ,2.4アエラスサイドリフトアップシート装着車4WD,1
エスティマ,3.0TGサイドリフトアップシート装着車4WD,1
エスティマ,3.0Tアエラス,2
エスティマ,3.0TアエラスS,1
エスティマ,3.5G,1
エスティマ,3.5アエラス,1
エスティマ,3.5アエラスGパッケージ4WD,1
エスティマ,3.5アエラスSパッケージ,1
エスティマハイブリッド,2.44WD,1
エスティマハイブリッド,2.4G4WD,1
エスティマハイブリッド,2.4Gウェルキャブサイドリフトアップシート車脱着タイプ手動式4WD,1
エスティマハイブリッド,2.4X4WD,2
エッセ,660D,1
エッセ,660D4WD,2
エッセ,660L,5
エッセ,660VSメモリアルエディション,1
エッセ,660X,2
エッセ,660エコ,1
エッセ,660カスタム,1
エディックス,2.020X,3
エブリイ,4WD,1
エブリイ,660GA4WD,1
エブリイ,660PAハイルーフ,4
エブリイ,660PAハイルーフ4WD,2
エブリイ,660PAリミテッドIIハイルーフ,1
エブリイ,660PCハイルーフ,2
エブリイ,660ジョインターボDX-IIハイルーフ,1
エブリイ,660ジョインターボハイルーフ,1
エブリイ,660ジョインターボハイルーフ4WD,5
エブリイ,660ジョインハイルーフ,1
エブリイ,660ジョインハイルーフ4WD,1
エブリイ,軽キャンピングカー　フレンチバス,2
エブリイワゴン,660,1
エブリイワゴン,660JPターボ,1
エブリイワゴン,660JPターボ4WD,2
エブリイワゴン,660JPターボハイルーフ4WD,1
エブリイワゴン,660PZターボ,3
エブリイワゴン,660PZターボ4WD,1
エブリイワゴン,660PZターボスペシャル,1
エブリイワゴン,660ジョイポップターボ,1
エブリイワゴン,660ジョイポップターボ4WD,1
エブリイワゴン,660ジョイポップターボPZハイルーフ,1
エブリイワゴン,660ジョイポップターボPZハイルーフ4WD,1
エブリイワゴン,660ジョイポップターボハイルーフ,1
エリオセダン,1.5,3
エリシオン,2.4G,1
エリシオン,2.4Gエアロ,1
エリシオン,2.4X4WD,1
エリシオン,3.0VG,1
エリシオン,3.0VGHDDナビエアロエディション4WD,1
エリシオン,3.0VX4WD,2
エリシオン,3.5プレステージSGHDDナビパッケージ,1
エリーゼ,R,2
エリーゼ,スタンダード,1
エリーゼ,ホンダVtecTurboエリーゼ,2
エルカミーノ,レストア済1ナンバーNOx解除NEWペイント,2
エルグランド,2.5250ハイウェイスター,3
エルグランド,2.5250ハイウェイスター4WD,1
エルグランド,2.5250ハイウェイスターS,1
エルグランド,2.5ハイウェイスター,1
エルグランド,2.5ハイウェイスター4WD,1
エルグランド,3.0Vディーゼルターボ4WD,1
エルグランド,3.0ハイウェイスターディーゼルターボ4WD,2
エルグランド,3.0ライダーディーゼルターボ4WD,2
エルグランド,3.3ハイウェイスター,1
エルグランド,3.5350ハイウェイスターアーバンクロム,1
エルグランド,3.5350ハイウェイスタープレミアム,1
エルグランド,3.5V,1
エルグランド,3.5V70th,1
エルグランド,3.5V70th-II,1
エルグランド,3.5VG,1
エルグランド,3.5X,1
エルグランド,3.5X4WD,2
エルグランド,3.5ハイウェイスター,2
エルグランド,3.5ライダー,1
エルグランド,3.5ライダーS,1
エルフ,2.75tセフティローダー,1
エルフ,3.0強化ダンプフルフラットローディーゼルターボ4WD,1
エルフ,3.1D1.3t低床　4WD,1
エルフ,3.1フラットローディーゼル4WD,1
エルフ,3100ディーゼルWキャブ1.25t,2
エルフ,3トン積み　全低床強化ダンプ,1
エルフ,4.8フラットローディーゼル,1
エルフ,4.8農業用ダンプワイドロング高床ディーゼル,2
エルフ,4.8高床ディーゼル,2
エルフ,4360x2090ワイドロング平ボディ,1
エルフ,4tワイド活魚運搬車,1
エルフ,全塗装済み・極東開発土砂禁深ダンプ,1
エルフ,回転ダンプ式パッカー4.6m3フジマイティ,1
エレメント,2.44WD,1
エンツォ,ディーラー車,1
オックスフォード,SeriesIIISaloon,1
オッティ,660E,4
オッティ,660EFOUR4WD,2
オッティ,660M,1
オッティ,660RX,3
オッティ,660RXFOUR4WD,2
オッティ,660S,2
オッティ,660SFOUR4WD,3
オッティ,660ライダーインタークーラーターボ,1
オデッセイ,2.3L,1
オデッセイ,2.3M,1
オデッセイ,2.3M4WD,2
オデッセイ,2.3アブソルート,1
オデッセイ,2.3アブソルート4WD,1
オデッセイ,2.4L,3
オデッセイ,2.4M,4
オデッセイ,2.4M4WD,1
オデッセイ,2.4MXエアロパッケージ,1
オデッセイ,2.4アブソルート,9
オデッセイ,3.0VG,1
オプティ,660エアロダウンビークス4WD,1
オプティ,660クラシックIII,1
オプティ,660ビークス4WD,1
オプティ,660ピコリミテッド4WD,1
オプトラ,LT,1
オメガワゴン,CD,1
オルティア,2.0S,1
オーテックザガートステルビオ,3Lツインカムターボ,1
オーリス,1.5150XMパッケージ,1
オーリス,1.8180GSパッケージ,2
オールロードクワトロ,2.7T4WD,1
カイエン,2014年モデルカイエンディーゼル,1
カイエン,3.6ティプトロニックS4WD,2
カイエン,SティプトロニックS4WD,5
カイエン,Sハイブリッド4WD,2
カイエン,ターボティプトロニックS4WD,7
カイエン,ターボディーゼル右ハンドル,2
カウンタック,5000クアトロバルボーレ,1
カプチーノ,660,6
カペラワゴン,1.8SV,1
カマロ,2LT,1
カマロ,LT,1
カマロ,Z28,1
カマロ,スポーツクーペ,1
カマロコンバーチブル,ディーラー車18メッキ外イカリングヘッド,2
カムリ,2.4Gリミテッドエディション,1
カムリハイブリッド,2.5Gパッケージ,1
カムロード,グローバルキング3.0D　4WDキャンピング,1
カムロード,バンテック,1
カリフォルニア30,F1DCT,1
カリーナ,1.5Tiマイロード,2
カリーナ,1.6GT,3
カリーナ,2.0SGディーゼル4WD,2
カリーナ,2.2Tiディーゼルターボ4WD,1
カルディナ,1.8E,1
カルディナ,1.8X,1
カルディナ,2.0G,1
カルディナ,2.0ZT4WD,1
カローラ,カローラワゴン1800北米仕様逆輸入,1
カローラFX,1.6GT,2
カローラ　2ドア,ke17,1
カローラスパシオ,1.5Vリミテッド,1
カローラスパシオ,1.6リミックス,1
カローラフィールダー,1.5XGエディション,1
カローラフィールダー,1.5Xエアロツアラー,1
カローラフィールダー,1.5Xライト,1
カローラフィールダー,1.8Zエアロツアラー,1
カローラランクス,1.5XHIDセレクション,1
カローラルミオン,1.5G,1
カローラレビンハッチバック,1.6GTV,1
カローラレビンハッチバック,1.6GTアペックス,2
カングー,1.6,1
カングー,アクティフ,1
カングー,ゼン,2
キャミ,1.3Q4WD,1
キャラバン,2.0DXロングボディ,1
キャラバン,2.0ライダーGXロング,1
キャラバン,3.0DXロングボディディーゼル,1
キャラバン,3.0GXロングボディディーゼル4WD,1
キャラバン,3.2DXスーパーロングハイルーフディーゼル4WD,1
キャラバン,5ドア保証付キーレス,1
キャラバン,キャンピングピーズクラフトキャンパー,1
キャラバンコーチ,2.4シルクロードVX,1
キャラバンコーチ,2.7GTクルーズディーゼルターボ4WD,2
キャリイ,660,1
キャリイ,660KA(パワーステアリング付)3方開4WD,1
キャリイ,660KA3方開4WD,2
キャリイ,660KC3方開,2
キャリイ,660KCエアコン・パワステ3方開,3
キャリイ,660KCエアコン・パワステ3方開4WD,3
キャリイ,660KU3方開4WD,1
キャリイ,660ターボ3方開,1
キャリイ,660農繁KA3方開4WD,1
キャリイ,スーパーチャージャー　4WD,2
キャロル,660GS,1
キャロル,660f,1
キャロル,660ミレディS,2
キャンター,2.9t吊5段クレーン　高床ワイドロング,2
キャンター,22-1214WD新明和製ダンプ全低床2t,1
キャンター,3.0Dターボ　全低床　10尺　積載2t,1
キャンター,4.9全低床DXディーゼルターボ,1
キャンター,4段ラジコンクレーン,1
キャンター,5.2D　2.0t高床ロング平ボディ,1
キャンター,5.2ワイドロング高床DXディーゼル4WD,2
キャンター,クレーン付KK-FE63EGY　ユニック,1
キャンター,冷蔵冷凍車,1
キャンター,木平　P/G　全低床　ワイドロング　積載2t,1
キャンター,移動販売車・キャンピングベース　4WD,2
キャンターガッツ,KK-FB70ABX垂直パワーゲート付　50007,1
キューブ,1.414RSFOUR4WD,1
キューブ,1.414SVセレクション,1
キューブ,1.414Sプラスナビ,1
キューブ,1.4BX,1
キューブ,1.4EX4WD,4
キューブ,1.4SX,6
キューブ,1.4SX4WD,1
キューブ,1.4SX70th,1
キューブ,1.4ライダー,2
キューブ,1.515M,1
キューブ,1.515MプラスナビHDDSP,1
キューブ,1.515RX,1
キューブ,1.515XMセレクション,1
キューブ,1.515XVセレクション,1
キューブ,1.515Xアンシャンテ助手席スライドアップシート,1
キューブ,1.5ライダー4WD,1
キューブ,助手席スライドアップナビBカメラ,1
キューブ,福祉車両車,1
キューブキュービック,1.4SX,4
キューブキュービック,1.4ライダー,1
キューブキュービック,1.515RX,1
ギャラン,2.0VR-44WD,1
ギャランシグマ,2.0GLX,2
クアトロポルテ,4.2,1
クアトロポルテ,S,1
クアトロポルテ,SQ4,1
クサラピカソ,2.0,1
クラウン,2.0ロイヤルエクストラ,2
クラウン,2.5ロイヤルサルーン,1
クラウン,2.5ロイヤルサルーンアニバーサリーパッケージ,1
クラウン,3.0ロイヤルサルーンG,1
クラウンアスリート,2.5,4
クラウンアスリート,2.5V,2
クラウンアスリート,2.5アニバーサリーエディション,2
クラウンアスリート,2.5ナビパッケージ,1
クラウンアスリート,3.0G,1
クラウンアスリート,3.5,2
クラウンアスリート,ハイブリッド2.5,2
クラウンエステート,2.5アスリート,2
クラウンエステート,2.5アスリートV,3
クラウンエステート,3.0アスリートG,3
クラウンコンフォート,2.0スーパーデラックスQパッケージ,1
クラウンセダン,2.0スーパーデラックスGパッケージ,1
クラウンセダン,3.0ロイヤルサルーン,1
クラウンセダン,クジラ10月30日更新,1
クラウンセダン,スーパーサルーン,1
クラウンセダン,トヨペットクラウンデラックス,1
クラウンハイブリッド,3.5,1
クラウンマジェスタ,3.0Cタイプ,1
クラウンマジェスタ,4.0Cタイプi-Four4WD,1
クラウンマジェスタ,4.3Aタイプ,1
クラウンマジェスタ,4.6AタイプLパッケージ,1
クラウンマジェスタ,4.6Gタイプ,1
クラウンロイヤル,2.5ロイヤルエクストラリミテッド,1
クラウンロイヤル,2.5ロイヤルサルーン,1
クラウンロイヤル,2.5ロイヤルサルーンスペシャルナビパッケージ,2
クラウンロイヤル,2.5ロイヤルサルーンプレミアムエディション,1
クラウンロイヤル,3.0ロイヤルサルーン,5
クラウンロイヤル,3.0ロイヤルサルーンG,1
クラウンワゴン,2.0スーパーデラックス,1
クラウンワゴン,2.5ロイヤルエクストラ,2
クラウンワゴン,2.5ロイヤルサルーン,4
クラシック,2.0,1
クリッパー,660DXハイルーフ4WD,1
クリッパー,660GLハイルーフ,2
クルーガー,2.4LSFOUR4WD,2
クルーガー,3.0VSFOUR4WD,1
クルーズ,1.3LSSセレクション4WD,1
クルーズ,1.5LT,1
クレスタ,2.0エクシード10周年記念,3
クレスタ,2.5GTツインターボ,1
クレスタ,2.5ルラーンG,1
クレスタ,スーパールーセント　ツインカム24,3
クロスゴルフ,1.4,1
クロスファイア,クーペ,1
クロスポロ,1.6,2
クロスロード,1.818LXパッケージ,1
クロスロード,1.8L,1
クロスロード,2.020XHDDナビエディション,1
クーガ,タイタニアム4WD,1
クーガ,トレンド4WD,1
クーペ,ベースモデル,8
クーペフィアット,20Vターボ　リミテッド,1
グランディス,2.4スポーツ,1
グランデプント,1.4デュアロジックテラ,1
グラントゥーリズモ,S,3
グランドエスクード,2.74WD,1
グランドチェロキー,ラレード4WD,1
グランドチェロキー,リミテッド4.04WD,3
グランドチェロキー,リミテッド4WD,1
グランドチェロキー,リミテッドV84WD,3
グランドハイエース,3.4G4WD,1
グランドボイジャー,リミテッド,1
グランビア,3.0Qディーゼルターボ4WD,1
グランビア,3.4Qエクセレントセレクション,1
グランビア,ウェルキャブサイドリフトシート福祉車輌,1
グリフィス,500,1
グロリア,2.0V20ツインカムターボグランツーリスモSV,2
グロリア,2.0グランツーリスモ,1
グロリア,2.5250SV-Fourグランツーリスモ4WD,1
グロリア,2.5250Sグランツーリスモナビエディション,2
グロリア,2.5250TXプレミアムリミテッド,1
グロリア,3.0300SVグランツーリスモナビエディション,1
グロリア,3.0300SVグランツーリスモナビエディションII本革パッケージ,1
グロリア,3.0300アルティマ,2
グロリア,3.0グランツーリスモSV,1
グロリア,3.0グランツーリスモアルティマ,1
グロリア,4ドアH/TブロアムターボBIGバンパー付き,1
グロリアセダン,GX,1
グロリアバン,2.0V20Eカスタムデラックス,1
グロリアワゴン,2.0V20ESGLリミテッド,1
ケイマン,RPDK,1
ケイマン,Sティプトロニック,3
ケーニッヒスペシャル,コンペディション,1
コスモ,13Bリミテッド,2
コペン,660アクティブトップ,17
コペン,660アルティメットエディションII,2
コペン,ディタッチャHKSターボ,1
コマツ　WA10-1,タイヤショベル　ホイルローダー,1
コマツタイヤショベルWA40-6260アワー,スパイク仕様,1
コモ,霊柩車,1
コラード,G60,2
コルト,1.3エレガンスバージョン,1
コルト,1.3カジュアル,1
コルト,1.5スポーツバージョン,2
コルト,1.5ラリーアート,2
コルベット,C3,1
コルベット,LT1　タルガトップ,2
コルベット,クーペ,1
コルベット,正規物Z51REVORIXCarbonPkg,1
コルベットコンバーチブル,6.0,1
コロナ,デラックス旧車,1
コロナクーペ,GL,1
コンコース,4.6,1
コンチネンタル,4.6,2
コンチネンタル,タウンカー,1
コンチネンタルクーペ,R,1
コンチネンタルクーペ,T,1
コンドル,4段クレーン　ラジコン　フックイン,1
コンドル,4段ユニックタダノラジコン2650kg積み,1
コンドル,ダンプ,1
コンドル,積載車ローダーNOX適合,1
コンパス,アルティチュードスポーツ,1
コースター,コースターRスーパーツーリングターボ,2
コーニッシュ,コーンズディーラー車,2
ゴルフ,Ci,1
ゴルフ,E,1
ゴルフ,GT,5
ゴルフ,GTI,5
ゴルフ,GTIDSG,5
ゴルフ,GTIエディション35,1
ゴルフ,GTTSI,1
ゴルフ,GTX,2
ゴルフ,Lプラス,1
ゴルフ,R,1
ゴルフ,TSIトレンドライン,1
ゴルフ,TSIトレンドラインブルーモーションテクノロジー,2
ゴルフ,TSIハイライン,1
ゴルフ,カントリー,2
ゴルフカブリオ,1.8,2
ゴルフカブリオ,2.0,1
ゴルフトゥーラン,GLi,3
ゴルフトゥーラン,TSIコンフォートライン,5
ゴルフプラス,E,1
ゴルフワゴン,E,2
ゴルフワゴン,GLi,1
ゴルフワゴン,GTプレミアムパッケージ,1
ゴルフワゴン,シュトラーセ,1
ゴルフワゴン,トレンドライン,1
ゴルフヴァリアント,2.0TSIスポーツライン,1
ゴルフヴァリアント,TSIコンフォートライン,4
ゴルフヴァリアント,TSIトレンドライン,1
ゴルフヴァリアント,TSIトレンドラインブルーモーションテクノロジー,1
サクシードバン,1.5UL,1
サクシードバン,1.5UL4WD,3
サニー,1.5EXサルーン4WD,1
サニー,1.5EXサルーンSV4WD,1
サニー,1.5スーパーサルーン,1
サニー,前期丸目,1
サニートラック,クーラー付　レカロシート,1
サニートラック,ベース,1
サバンナRX-7,GT-X,2
サバンナRX-7,GTターボ　当時物フルエアロ,1
サバンナRX-7,アンフィニ,1
サバーバン,LT,1
サンダーバードコンバーチブル,ベイビーサンダー　純正ハードトップ付,1
サンバー,4WD　　AT,2
サンバー,660VB,1
サンバー,660VB4WD,2
サンバー,660VC,1
サンバー,660VC4WD,1
サンバー,660ディアス,1
サンバー,660ディアススーパーチャージャー,2
サンバー,660トランスポーター4WD,1
サンバーディアスバン,660,1
サンバーディアスバン,660S,1
サンバーディアスバン,660クラシック,1
サンバートラック,5MT　4WD,1
サンバートラック,660TB三方開,1
サンバートラック,660TB三方開4WD,1
サンバートラック,660WRブルーリミテッド三方開4WD,1
サンバートラック,660　4WDトラック,1
サンバートラック,660パネルバンVB両側開きハイルーフ,1
サンバートラック,660三方開SDX4WD,1
ザッツ,660,4
ザッツ,660スペシャルエディション,1
ザッツ,660ターボ,1
ザッツ,スペシャルエディション,1
ザ・ビートル,ターボ,1
ザ・ビートル,デザインレザーパッケージ,1
シェビー,エクスポローラー　新車並行車,1
シエナ,3.5V6リミテッド,1
シエラクラシック,4.3,1
シエンタ,1.5G,7
シエンタ,1.5X,2
シエンタ,1.5Xリミテッド,4
シティ,1.2　ターボ,1
シティ,1.3CE,1
シティ,1.3CZ-i,1
シティ,5速マニュアル,3
シビック,1.6SiR・II,1
シビック,1.7X4,1
シビッククーペ,1.6,1
シビッククーペ,ベース,2
シビックセダン,EF,1
シビックタイプR,1.6,7
シビックタイプR,2.0,2
シビックタイプR,2.0無限RR,1
シビックタイプRユーロ,2.0,4
シビックハイブリッド,1.3MXB,1
シビックフェリオ,1.7RS,1
シビリアン,26人,1
シャラン,TSIコンフォートライン,2
シャレード,1.6デ・トマソ,1
シルバラード,LT　左H,1
シルバラード,シルバラードLT,1
シルバラード,シルバラード　新品26インチAW　ローダウン,1
シルバースパー,6.7,1
シルバースパー,null,1
シルバースピリット,6.7,1
シルバーセラフ,5.4,1
シルビア,2.0K’s,6
シルビア,2.0K’sエアロ,5
シルビア,2.0K’sエアロSE,4
シルビア,2.0Q’s,2
シルビア,2.0Q’sSE,1
シルビア,2.0スペックR,6
シルビア,2.0スペックRbパッケージ,1
シルビア,2.0スペックS,5
シルビア,2.0スペックSGパッケージ,2
シルビア,2.0スペックSエアロ,2
シルビア,2.0ターボ,3
シルビア,URASフルエアロ　D1SL,3
シルビア,ターボ6速マニュアル改,1
シルビア,ターボ　マニュアル　タービン,1
シルビアヴァリエッタ,2.0,4
シルビアヴァリエッタ,null,1
シロッコ,TSI,1
シーマ,3.0タイプI,1
シーマ,4.141LV,1
シーマ,4.5450XL,4
シーマ,4.5450XV,8
ジムニー,2サイクル幌　幌&M/Tタイヤ交換済み,1
ジムニー,4WDリフトアップ公認,1
ジムニー,660FISフリースタイルワールドカップリミテッド4WD,1
ジムニー,660HA4WD,1
ジムニー,660HC4WD,3
ジムニー,660XC4WD,10
ジムニー,660XG4WD,2
ジムニー,660XL4WD,3
ジムニー,660XLリミテッド4WD,2
ジムニー,660クロスアドベンチャー4WD,4
ジムニー,660サマーウインドリミテッド4WD,2
ジムニー,660ターボ,1
ジムニー,660バンHC4WD,2
ジムニー,660パノラミックルーフEC4WD,1
ジムニー,660フルメタルドアCC4WD,1
ジムニー,660ランドベンチャー4WD,10
ジムニー,660ワイルドウインド4WD,14
ジムニー,660ワイルドウインドリミテッド4WD,5
ジムニー,660幌CC4WD,2
ジムニー,CC　幌　改,1
ジムニー,LJ20オープン,1
ジムニー,SJ30,1
ジムニーシエラ,1.34WD,2
ジムニーワイド,1.3JZ4WD,1
ジューク,1.515RX,1
ジューク,1.515RXタイプV,3
ジューク,1.515RXパーソナライズパッケージ,1
ジープ,2.04WD,3
ジープ,2.2D　J3D,1
ジープ,2.64WD,1
スイフト,1.2RS,3
スイフト,1.2XG,1
スイフト,1.2XG-DJE,1
スイフト,1.2XG4WD,1
スイフト,1.2XL-DJE,1
スイフト,1.2XS4WD,1
スイフト,1.3SE-Z,1
スイフト,1.3SE-Z4WD,1
スイフト,1.3SG,1
スイフト,1.3XG,5
スイフト,1.3XGリミテッド,1
スイフト,1.5スポーツ,1
スイフト,1.6スポーツ,9
スカイライン,2.0GTS,2
スカイライン,2.5250GT,7
スカイライン,2.5250GTFOUR4WD,1
スカイライン,2.5250GTm,1
スカイライン,2.5250GTタイプV,2
スカイライン,2.5250GTプレミアム,1
スカイライン,2.525GTターボ,2
スカイライン,2000GTR,1
スカイライン,GTフルオリジナル　レストア車両,1
スカイライン,オーテックバージョン,1
スカイライン,ハコスカ2.0,4
スカイラインGT-R,2.64WD,15
スカイラインGT-R,2.6Vスペック4WD,5
スカイラインGT-R,2.6VスペックII4WD,4
スカイラインGT-R,2.6VスペックIIニュル4WD,3
スカイラインGT-R,2000GT-RKPGC10,1
スカイラインGT-R,null,3
スカイラインクーペ,2.0GT-R,1
スカイラインクーペ,2.0GTS-tタイプM,3
スカイラインクーペ,2.0GTSアーバンランナーS,1
スカイラインクーペ,2.525GTターボ,1
スカイラインクーペ,2.5GTS25tタイプM,3
スカイラインクーペ,2.5GTS25tタイプMスペック・II,1
スカイラインクーペ,2000GT,1
スカイラインクーペ,2000GT-Eケンメリ,2
スカイラインクーペ,2000RS,1
スカイラインクーペ,2000RSターボ,1
スカイラインクーペ,3.5350GT,4
スカイラインクーペ,3.5350GTプレミアム,6
スカイラインクーペ,3.7370GT,2
スカイラインクーペ,3.7370GTタイプS,1
スカイラインクーペ,3.7370GTタイプSP,1
スカイラインクーペ,DR鉄仮面,1
スカイラインクーペ,GTS-R,2
スカイラインクーペ,GT改L28&ソレックス,1
スカイラインクーペ,RS-Xターボ,2
スカイラインクーペ,RSターボ前期型,1
スカイラインクーペ,RS前期モデル,3
スカイラインクーペ,ケンメリ,1
スカイラインクーペ,ハコスカHT　GT-X,1
スクラム,660PAハイルーフ,2
スクラム,660PCハイルーフ,1
スクラムトラック,660KCスペシャル3方開4WD,2
スクラムワゴン,660PZターボロールーフ,1
スクラムワゴン,エブリィW同型車,1
スタウト,2.0　ピックアップ,1
スタリオン,2.0GSR-II,1
スターレット,1.3,1
スターレット,1.3GT,1
スターレット,1.3グランツァV,2
スターレット,S改,1
ステップワゴン,2.0D,4
ステップワゴン,2.0D4WD,4
ステップワゴン,2.0G,9
ステップワゴン,2.0GLSパッケージ,1
ステップワゴン,2.0GLSパッケージ4WD,1
ステップワゴン,2.0GLパッケージ,3
ステップワゴン,2.0GSパッケージ4WD,1
ステップワゴン,2.0Gスマートスタイルエディション,1
ステップワゴン,2.0I,2
ステップワゴン,2.0K,2
ステップワゴン,2.0K4WD,1
ステップワゴン,2.0ウルトラ,1
ステップワゴン,2.0スパーダS,3
ステップワゴン,2.0スパーダZ,1
ステップワゴン,2.0スパーダZクールスピリット4WD,1
ステップワゴン,2.0デラクシー,1
ステップワゴン,2.0デラクシーA,1
ステップワゴン,2.424Z,6
ステップワゴン,2.4スパーダ24SZ,1
ステップワゴン,2.4スパーダ24T,2
ステップワゴン,2.4スパーダ24T4WD,1
ステップワゴン,エアサス　フルエアロ,2
ステップワゴン,デラクシーポップアップシート,1
ステラ,660L,2
ステラ,660LX,2
ステラ,660Lスペシャル,1
ステラ,660カスタムR,1
ステラ,660カスタムRS,1
ステラ,660カスタムRスペシャル4WD,1
ステラ,660カスタムRスマートアシスト4WD,1
ステージア,2.020X,1
ステージア,2.5250RSFOUR4WD,1
ステージア,2.5250RSV,2
ステージア,2.5250RX,1
ステージア,2.525RSFOUR4WD,1
ステージア,2.5RSFOUR4WD,2
ステージア,2.6オーテックバージョン260RS4WD,1
ストリート,660G,1
ストリート,660V,1
ストリーム,1.7L,1
ストリーム,1.7L4WD,1
ストリーム,1.7S,1
ストリーム,1.7アブソルート,1
ストリーム,1.8X,4
ストリーム,2.0S,1
ストリーム,2.0iS,3
ストリーム,2.0iSエアロステージ,1
ストリーム,RSZHDDナビ/フルセグテレビ,1
ストーリア,1.3CZ,1
スパーキー,1.3X4WD,2
スピアーノ,660XS　全国保証半年付,2
スプリンター,1.6GT,2
スプリンターカリブ,1.6Zツーリングエアロスポーツパッケージ,3
スプリンタートレノ,1.6GT-Z,2
スプリンタートレノ,1.6GTアペックス,7
スプリンタートレノ,1600GT,1
スプリンタートレノハッチバック,1.6GTアペックス,2
スペーシア,660G,4
スペーシア,660G4WD,1
スペーシア,660T,4
スペーシア,660Tスマートフォン連携ナビゲーション装着車,1
スペーシア,660X,2
スペーシア,660Xスマートフォン連携ナビゲーション装着車4WD,1
スペーシア,660Xリミテッド,1
スペーシア,660カスタムTS4WD,2
スペーシア,660カスタムTSスマートフォン連携ナビゲーション装着車,2
スペーシア,660カスタムTSレーダーブレーキサポート装着車,2
スペーシア,660カスタムXS,4
スペーシア,660カスタムXS4WD,1
スペースレンジャー,4段クレーン付平,1
スポーツ800,タルガトップ,2
スポールスパイダー,2.0,1
スープラ,2.0GTツインターボワイドボディ,1
スープラ,3.0SZ,2
セコイア,SR55.7V84WD,1
セコイア,SR5　スポーツパッケージ　V8,3
セコイア,リミテッド5.7V84WD,1
セドリック,2.5250Lナビエディション,2
セドリック,3.0300LV,3
セドリック,3.0300LVナビエディション,1
セドリック,3.0300LVプレミアムリミテッド,1
セドリック,3.0300LX,1
セドリック,SGLE,5
セドリック,Y302000CCビッグバンパー仕様,2
セドリックセダン,3.0　ブロアムVIP仕様　ローダウン,1
セドリックセダン,3.0クラシックSV,1
セドリックセダン,3.0ブロアムVIP,1
セドリックワゴン,2.0V20ESGL,1
セビル,ツーリングセダン,1
セブン,スーパーライトR200,1
セラ,1.5,1
セリカ,1.8SS-I,4
セリカ,1.8SS-II,1
セリカ,2.0GT-FOUR4WD,2
セリカ,2.0SS-III,3
セリカ,2000GT-Four,1
セリカ2ドアクーペ,1.6GT-V,1
セリカコンバーチブル,2.0,1
セリカコンバーチブル,2.04WS装着車,1
セルシオ,4.0B仕様eRバージョン10thアニバーサリーエディション,1
セルシオ,4.0B仕様eRバージョン装着車,2
セルシオ,4.0C仕様,4
セルシオ,4.3,1
セルシオ,4.3A仕様,4
セルシオ,4.3A仕様eRバージョン,5
セルシオ,4.3B仕様eRバージョン,2
セルシオ,4.3C仕様,8
セルシオ,4.3C仕様Fパッケージ,1
セルシオ,4.3C仕様インテリアセレクション,2
セルシオ,4.3eR仕様,3
セルボ,660GリミテッドII,1
セルボ,660T,1
セルボ,CBA-HG21S改,1
セルボモード,660クラシック4WD,1
セレナ,2.020RS,5
セレナ,2.020RS4WD,1
セレナ,2.020S,3
セレナ,2.020S4WD,1
セレナ,2.0FXII,1
セレナ,2.0J4WD,1
セレナ,2.0JVパック,1
セレナ,2.0V-G,2
セレナ,2.0V-G70th-II,1
セレナ,2.0V-Gナビパッケージ,2
セレナ,2.0V-S,1
セレナ,2.0V-Sナビパッケージ,1
セレナ,2.0V-Sリミテッド,1
セレナ,2.0ハイウェイスター,2
セレナ,2.0ハイウェイスター4WD,1
セレナ,2.0ハイウェイスターJパッケージ,2
セレナ,2.0ハイウェイスターS-HYBRID,2
セレナ,2.0ハイウェイスターVエアロセレクション,2
セレナ,2.0ハイウェイスターVエアロセレクションプラスナビHDD,1
セレナ,2.0ハイウェイスターVセレクション,1
セレナ,2.0ライダー,3
セレナ,2.0ライダーS,1
セレナ,2.5キタキツネ専用フロントオーバーライダー付車ディーゼルターボ,1
センチュリー,4.0Eタイプ,1
センチュリー,4.0Lタイプ,1
センチュリー,5.0,1
センチュリー,センチュリー,2
ゼスト,660スパークW,1
ソアラ,2.0,7
ソアラ,2.0GT,1
ソアラ,2.0GTツインターボ,1
ソアラ,2.5GT-T,5
ソアラ,2.5GTツインターボ,1
ソアラ,3.0GT,6
ソアラ,4.3430SCV,1
ソニカ,660R,1
ソニカ,660RS,2
ソリオ,1.2Gリミテッド,1
ソリオ,1.2S4WD,1
ソリオ,1.2X-DJEレーダーブレーキサポートII装着車,1
ソリオ,1.2ブラック＆ホワイトII-DJE,1
ソリオ,1.2ブラック＆ホワイトII-DJEレーダーブレーキサポートII装着車,1
ソリオ,1.3E,1
タイタン,4000ディーゼル2トン低床,1
タイタン,平ボディ　ワイドロング　3t積　全低床,1
タイプI,ビートル　エクスポート,1
タイプI,ヤナセ正規D車　メイドイン　GERMANY,1
タイプI,ローダウン　加工ワイドホイル,1
タイプII,トランスポーター,1
タウンエーストラック,キャンピングカー　バンテックATOM,1
タウンエースバン,GL　5ドア　4WD,1
タウンカー,Cartier,2
タウンカー,シグネチャー,1
タウンボックス,660LXサンルーフ4WD,2
タウンボックス,660RXハイルーフ4WD,2
タコマ,TRDスポーツPKG,1
タスカン,3.6,1
タフトオープン,2.5　ディーゼル　4WD　4MT　幌,1
タホ,LS4WD新並,1
タント,660L,8
タント,660L4WD,1
タント,660LSA,1
タント,660R,1
タント,660X,5
タント,660X4WD,3
タント,660Xスマイルセレクション,1
タント,660Xリミテッド,6
タント,660カスタムL,1
タント,660カスタムRSSA,1
タント,660カスタムRSSA4WD,2
タント,660カスタムX,3
タント,660カスタムXスペシャル,1
タント,660カスタムXリミテッド,2
タント,660ワンダフルセレクション,6
タントエグゼ,660G,1
タントエグゼ,660カスタムX,1
タンドラ,2015yC-MAX　SR5　フロントベンチ,1
タンドラ,LTD4WD革シートHトノカバー,1
タンドラ,クルーマックス4WD新車FORGIATO22AW,3
タンドラ,クルーマックスSR55.7V84WD,1
ダイナ,4.1ディーゼル　2.0t　深ダンプ,2
ダイナ,Wキャブ4WD,1
ダイナ,アルミVワイドロング3.5t格納PG,1
ダイナ,アルミバン　1.4　4WD,2
ダットサン,2.4AXリミテッドダブルキャブ4WD,1
ダットサン,3.2ADダブルキャブディーゼル4WD,1
ダットサン,3.2ディーゼルADダブルキャブ4WD後期,1
ダート,走行証明書付SXT2.0L,1
チェイサー,2.5ツアラーS,3
チェイサー,2.5ツアラーV,13
チェイサー,GTツインターボ,1
チェロキー,スポーツ4WD,4
チェロキー,リミテッド4WD,6
チェロキー,レネゲード4WD,1
チャレンジストラダーレ,3.6,1
チャレンジャー,SE,1
チャージャー,RT5.7HEMI限定車デイトナ,2
ツイン,660ガソリンV,1
ティアナ,2.3230JKM-コレクションクールモダン,1
ティアナ,2.3230JM,2
ティアナ,2.5250JKFOUR4WD,1
ティグアン,TSIブルーモーションテクノロジー,1
ティーダ,1.515G,4
ティーダ,1.515M,1
ティーダ,1.515Mプレミアムインテリア,1
ティーダラティオ,1.515SFOUR4WD,1
テスタロッサ,ディーラー車,2
テラノ,3.0ワイドR3m-Rディーゼルターボ4WD,1
テラノ,3.3R3m-Rリミテッド4WD,1
テリオス,1.3CL4WD,1
テリオスキッド,4WDCLターボ,1
テリオスキッド,660CL4WD,6
テリオスキッド,660CLリミテッド,1
テリオスキッド,660L,1
テリオスキッド,660エアロダウン4WD,1
テリオスキッド,660エアロダウンカスタムX,1
テリオスキッド,660エアロダウンカスタムX4WD,1
テリオスキッド,660カスタムL,1
テリオスキッド,660カスタムSエディション4WD,1
テリオスキッド,660カスタムX,1
テリオスキッド,660カスタムメモリアルエディション,1
ディアマンテ,2.525V,1
ディアマンテ,2.525エスパーダ,2
ディオン,1.8ターボ4WD,1
ディオン,2.0VIE-X,1
ディオン,2.0サンクスナビエディション,1
ディスカバリー,TdiSディーゼルターボ4WD,2
ディスカバリー,V8i4WD,6
ディフェンダー,110DCPU,1
ディフェンダー,110XS2.2,1
ディフェンダー,110　アドベンチャーフェニックスオレンジ,2
ディフェンダー,フジホワイト　110　新車,2
ディフェンダー,規制適合　3ナンバー,1
デイズ,660ハイウェイスターGターボ4WD,1
デイズ,660ハイウェイスターX,1
デイズ,660ライダーハイウェイスターXベース,2
デイズルークス,660X,1
デイズルークス,660ハイウェイスターX,1
デミオ,1.313C,1
デミオ,1.313スカイアクティブシューティングスターグレイス,2
デミオ,1.3LXGパッケージ,1
デミオ,1.3カジュアル,8
デミオ,1.3コージー,4
デミオ,1.3スタイルC,1
デミオ,1.3スタイルCe-4WD,1
デミオ,1.5アレッタ,1
デミオ,1.5スポルト,4
デミオ,福祉車輌,1
デュアリス,2.020G,2
デュアリス,2.020GFOUR4WD,1
デュアリス,2.0クロスライダー,1
デュエット,1.0V,1
デュトロ,ファームダンプ　4WD,1
デュランゴ,SLT5.9V84WD,1
デリカD：2,1.2S4WD,1
デリカD：5,2.0Gパワーパッケージ,2
デリカD：5,2.2Dプレミアムディーゼルターボ4WD,1
デリカD：5,2.4C2S,1
デリカD：5,2.4Gナビパッケージ4WD,1
デリカD：5,2.4Gパワーパッケージ4WD,2
デリカD：5,2.4シャモニー,1
デリカD：5,2.4シャモニー4WD,1
デリカD：5,2.4ローデストGナビパッケージ,2
デリカD：5,2.4ローデストSカスタマイズパッケージA,2
デリカスターワゴン,2.5GLXハイルーフディーゼルターボ4WD,3
デリカスペースギア,2.8XRロングハイルーフディーゼルターボ4WD,1
デリカスペースギア,2.8エクシードIIロングハイルーフディーゼルターボ4WD,1
デリカスペースギア,2.8エクシードツインサンルーフディーゼルターボ4WD,1
デリカスペースギア,2.8シャモニーハイルーフディーゼルターボ4WD,2
デリカスペースギア,2.8スーパーエクシードクリスタルライトルーフディーゼルターボ4WD,1
デリカスペースギア,3.0XRツインサンルーフ4WD,2
デリカスペースギア,3.0アクティブフィールドエディションハイルーフ4WD,2
デリカスペースギア,3.0エアロエアロルーフ4WD,2
デリカスペースギア,3.0シャモニーハイルーフ4WD,2
デリボーイ,202,1
デリボーイ,502,1
デルタ,HFインテグラーレエボルツィオーネ4WD,1
デルタ,HFインテグラーレエボルツィオーネII4WD,1
トゥアレグ,V64WD,2
トゥデイ,660Gf,1
トッポ,660M,3
トッポBJ,660Mリミテッド,2
トッポBJ,660R,1
トッポBJ,Zターボ,1
トヨエース,3.0D　平　積載1.5t　全低床,1
トヨエース,3.0ロングジャストローディーゼルターボ,1
トヨエース,4.0ワイドロングジャストローディーゼルターボ,1
トヨエース,4.1　グローバルキャンピング,1
トランザム,トランザム,2
トラヴィック,2.2SLパッケージ,1
トレイルブレイザー,EXTLT(V8)4WD,1
トレイルブレイザー,LT4WD,2
トレイルブレイザー,LTZ4WD,1
ドゥビル,DHS,1
ドライラード,3輪スクータートライク,1
ナビゲーター,走行証明書後期最終モデル4WD,1
ニュービートル,2.0,27
ニュービートル,EZ,5
ニュービートル,ターボ,1
ニュービートル,パステル,4
ニュービートル,プラス,2
ニュービートル,ベースグレード,1
ニュービートル,左ハンドル　コーティング付車,2
ニュービートルカブリオレ,LZ,2
ニュービートルカブリオレ,プラス,1
ネイキッド,660F,1
ネイキッド,660G,1
ネイキッド,660GSパッケージ,1
ネイキッド,660ターボG,2
ネイキッド,660ターボG4WD,1
ネイキッド,660ターボGパッケージ,1
ノア,2.0SVセレクション4WD,2
ノア,2.0X,1
ノア,2.0X4WD,3
ノア,2.0XGセレクション,1
ノア,2.0XGセレクション4WD,1
ノア,2.0XLセレクション,1
ノア,2.0XSエディション,1
ノア,2.0XVセレクション,1
ノア,2.0Xリミテッド,2
ノア,車いすスロープ　車いす固定2名　福祉車輌,1
ノート,1.2X,2
ノート,1.2XDIG-Sライダー,1
ノート,1.515E,2
ノート,1.515SFOURVパッケージ4WD,2
ノート,1.515SVパッケージ,3
ノート,1.515X,2
ノート,1.515XFOUR4WD,2
ノート,1.515XプラスナビHDD,1
ノート,1.515ブラウニーインテリア,1
ノート,1.5ライダー,2
ノート,1.5ライダーVパッケージ,1
ハイエース,2.7GLロングミドルルーフ,7
ハイエース,2.7GLロングミドルルーフ4WD,4
ハイエース,2.7グランドキャビン,1
ハイエース,2.7グランドキャビン4WD,1
ハイエース,2.7グランドキャビンスーパーロングハイルーフ4WD,1
ハイエース,2.8スーパーカスタムセミミドルルーフディーゼル4WD,1
ハイエース,3.0カスタムセミミドルルーフディーゼルターボ,1
ハイエース,3.0スーパーカスタムGトリプルムーンルーフディーゼルターボ4WD,1
ハイエース,3.0スーパーカスタムセミミドルルーフディーゼルターボ,1
ハイエース,3.0スーパーカスタムトリプルムーンルーフディーゼルターボ,1
ハイエース,3000ターボ・キャンピング,2
ハイエース,AW　片側スライドドア　4ナンバー,1
ハイエース,ワゴン,1
ハイエースコミューター,3.0GLディーゼルターボ,6
ハイエースコミューター,GL改　7人乗りキャンピング,1
ハイエースバン,2.0DXロング,1
ハイエースバン,2.0ウェルキャブBタイプロング,1
ハイエースバン,2.0スーパーGLロング,17
ハイエースバン,2.0スーパーGLロングボディ,2
ハイエースバン,2.5DXスーパーロングハイルーフディーゼルターボ4WD,1
ハイエースバン,2.5DXロングディーゼルターボ,1
ハイエースバン,2.5スーパーGLロングディーゼルターボ,1
ハイエースバン,2.5スーパーGLロングディーゼルターボ4WD,1
ハイエースバン,2.7DXスーパーロングボディハイルーフ,1
ハイエースバン,2.7スーパーGLワイドロングミドルルーフ,2
ハイエースバン,2.7スーパーGLワイドロングミドルルーフ4WD,2
ハイエースバン,3.0DXワイドスーパーロングハイルーフディーゼルターボ,1
ハイエースバン,3.0スーパーGLロングディーゼルターボ,4
ハイエースバン,3.0スーパーGLワイドロングミドルルーフディーゼルターボ,2
ハイエースバン,6ATスーパーGL,1
ハイエースバン,スーパーロング特装ウイングスプレミアム,2
ハイエースレジアス,2.7G,2
ハイエースレジアス,ディーゼル　4WD　4ナンバー登録,1
ハイゼットカーゴ,660クルーズターボハイルーフ,2
ハイゼットカーゴ,660クルーズハイルーフ4WD,1
ハイゼットカーゴ,660スペシャルハイルーフ,4
ハイゼットカーゴ,660デラックスハイルーフ,6
ハイゼットカーゴ,660デラックスハイルーフ4WD,1
ハイゼットカーゴ,ハイゼットカーゴ,1
ハイゼットデッキバン,6604WD,2
ハイゼットデッキバン,660スペシャル4WD,1
ハイゼットトラック,0.43キロ　タンクローリー　MK製,1
ハイゼットトラック,660エアコン・パワステスペシャルVS3方開,1
ハイゼットトラック,660スペシャル3方開4WD,1
ハイゼットトラック,660スペシャル農用パック3方開4WD,1
ハイゼットトラック,660ローダンプ3方開4WD,1
ハイゼットトラック,移動販売車　屋台　鉄板　ガスコンロ,1
ハイゼットピック,660ジャンボカスタム三方開4WD,3
ハイラックス,1.6,2
ハイラックス,2.0DXロングボディ,1
ハイラックス,2.4SSR-Xダブルキャブロングボディディーゼルターボ4WD,2
ハイラックス,2.7エクストラキャブワイドボディ4WD,1
ハイラックス,2.7ダブルキャブワイドボディ4WD,1
ハイラックス,スポーツピック4WDディーゼルターボ,1
ハイラックスサーフ,2.7SSR-G4WD,1
ハイラックスサーフ,2.7SSR-Vリミテッド4WD,1
ハイラックスサーフ,2.7SSR-X20thアニバーサリーエディション4WD,1
ハイラックスサーフ,2.7SSR-XVセレクション4WD,1
ハイラックスサーフ,2.7SSR-Xワイドボディ4WD,1
ハイラックスサーフ,2.7スポーツランナー,2
ハイラックスサーフ,3.0SSR-Gワイドボデー4WD,2
ハイラックスサーフ,3.0SSR-Xディーゼルターボ4WD,1
ハイラックスサーフ,3.0SSR-Xリミテッドディーゼルターボ4WD,1
ハイラックスサーフ,3.0SSR-Xワイドボディディーゼルターボ4WD,1
ハイラックスサーフ,3.0SSR-Xワイドボデーディーゼルターボ4WD,1
ハイラックスサーフ,3.4SSR-G4WD,1
ハスラー,660G,10
ハスラー,660Gターボ,1
ハスラー,660Jスタイル,1
ハスラー,660X,1
ハスラー,660Xターボ4WD,1
ハリアー,2.0エレガンス,9
ハリアー,2.4240G,1
ハリアー,2.4240G4WD,1
ハリアー,2.4240GLパッケージ,2
ハリアー,2.4240GLパッケージプライムセレクション4WD,1
ハリアー,2.4240Gアルカンターラバージョン,1
ハリアー,3.0300GプレミアムLパッケージ,1
ハリアー,3.0AIRS4WD,2
ハリアー,3.0FOUR4WD,1
ハリアー,3.0FOURSパッケージ4WD,3
ハリアー,3.5350G,1
ハリアー,3.5350GプレミアムLパッケージ,1
ハリアーハイブリッド,3.34WD,1
ハリアーハイブリッド,3.3プレミアムSパッケージ4WD,2
ハーレーダビッドソントライク,3Bトライク,1
バサラ,2.4Jスプレンド,1
バネット,1.8CDハイルーフ4WD,1
バネット,1.8DX,1
バネット,1.8GL,1
バネットトラック,1.8DXダブルタイヤ4WD,1
バネットトラック,ナッツRV　マッシュRE,1
バネットトラック,ロング垂直パワーゲート付,1
バモス,660L,3
バモス,660L4WD,1
バモス,660M,3
バモス,660M4WD,2
バモス,660ターボ,2
バモス,660ターボ4WD,1
バモスホビオ,660L,1
バモスホビオ,660M,2
バモスホビオ,660ターボ,1
バルケッタ,1.7,2
バルケッタ,リミテッドエディション,1
バン,ラムショーティー,1
パオ,1.0,3
パオ,1.0キャンバストップ,1
パサート,V5,1
パサートワゴン,2.0,1
パサートワゴン,V64モーション4WD,3
パサートヴァリアント,TSIコンフォートライン,1
パサートヴァリアント,V64モーション4WD,3
パジェロ,2.4メタルトップワイドルーキーSX4WD,1
パジェロ,2.5,1
パジェロ,2.8ミッドルーフXJディーゼルターボ4WD,1
パジェロ,3.0ロングGR4WD,1
パジェロ,3.2ショートエクシードLディーゼルターボ4WD,1
パジェロ,3.5ロングエクシード4WD,3
パジェロ,3.5ロングエクシードS4WD,1
パジェロ,3.5ロングスーパーエクシード4WD,1
パジェロ,3.8ロングスーパーエクシード4WD,1
パジェロイオ,1.8ZR4WD,3
パジェロイオ,2.0ZR4WD,2
パジェロジュニア,1.1ZR-II4WD,2
パジェロジュニア,1.1アニバーサリーリミテッド4WD,1
パジェロジュニア,1.1リンクス4WD,2
パジェロミニ,660,1
パジェロミニ,660R,1
パジェロミニ,660V4WD,2
パジェロミニ,660VR-II4WD,10
パジェロミニ,660VR-S4WD,1
パジェロミニ,660VR4WD,2
パジェロミニ,660X,2
パジェロミニ,660X4WD,3
パジェロミニ,660XR,5
パジェロミニ,660XR-II4WD,6
パジェロミニ,660XR4WD,3
パジェロミニ,660アクティブフィールドエディション4WD,1
パジェロミニ,660デューク-X4WD,1
パジェロミニ,660リンクスZ,1
パジェロミニ,X,2
パスファインダー,3.0,1
パッソ,1.0X,6
パッソ,1.0X4WD,3
パッソ,1.0XHIDリミテッド4WD,1
パッソ,1.0Xアドバンスドエディション,2
パッソ,1.0Xウェルキャブ助手席リフトアップシート車Aタイプ,1
パッソ,1.3G,4
パッソ,1.3GFパッケージ,1
パッソ,1.3レーシー,1
パトリオット,スポーツ,1
パナメーラ,3.6PDK,1
パナメーラ,4Sエグゼクティブ　ヨーロッパ新車並行,1
パブリカ,DX,1
パブリカ,ピックアップ,1
パルサーセリエ,1.6VZ-R,1
パルサーセリエ,2.0オーテックバージョン,1
パレット,660SWTS,1
パレット,660SWリミテッドII,1
パレット,660XS,2
パンダ,1.2,6
パンダ,プラス,2
パンダ,マキシ,3
ヒルマンミンクス,1.5スーパーデラックス,2
ヒーレースプライト,Mk-1,1
ビアンテ,2.020S,1
ビアンテ,2.0グランツ,1
ビッグホーン,3.1XSプレジールIIロングディーゼルターボ4WD,1
ビッグホーン,3.5プレジールロング4WD,1
ビュイック,リビエラ,1
ビュート,1.0,2
ビュート,1.3デラックス,1
ビート,660,21
ビート,ホロ交換済&運転席シート張替済,1
ビートル,オーバルSHOWCARキャンバストップ,2
ビートル,ベースグレード,2
ビートル,メキシコビートル,1
ビートル,ヴィンテージ　セミオートマ　クーラー,2
ビートルカブリオレ,1302S左ハンドル,1
ピアッツァ,1.8181XE/Sハンドリングバイロータス,1
ピアッツァ,1.8XE/Sハンドリングバイロータス,1
ピクシストラック,660スペシャルエアコン・パワステバージョン3方開,1
ピノ,660S,2
ファミリアセダン,1.5LS,1
ファンカーゴ,1.3Xペアベンチバージョン,2
ファンカーゴ,1.5G,3
ファンカーゴ,1.5Xリミテッド4WD,1
ファンカーゴ,ウェルキャブ手動運転装置,1
ファントム,6.7,2
フィガロ,1.0,5
フィット,1.313GLパッケージ,1
フィット,1.3A,27
フィット,1.3A4WD,1
フィット,1.3AU,2
フィット,1.3AUHDDナビエディション,1
フィット,1.3Aウェルカムエディション,1
フィット,1.3G,3
フィット,1.3G4WD,1
フィット,1.3Gハイウェイエディション,1
フィット,1.3W,6
フィット,1.3W4WD,1
フィット,1.5A,1
フィット,1.5RS,3
フィット,1.5S,2
フィット,1.5T,1
フィット,1.5W,2
フィット,1.5ハイブリッド,1
フィット,1.5ハイブリッドLパッケージ,1
フィットシャトル,1.515X助手席回転シート車,1
フィットシャトルハイブリッド,1.3スマートセレクション,1
フィットハイブリッド,1.3,1
フィットハイブリッド,1.3スマートセレクション,1
フィットハイブリッド,1.3ナビプレミアムセレクション,3
フェアレディ,SP310,3
フェアレディ,SRL311　ダットサン,1
フェアレディZ,2.0200ZR-II2by2Tバールーフ,1
フェアレディZ,2.0200ZR-II2シーターTバールーフ,1
フェアレディZ,240ZG　フルレストア済,5
フェアレディZ,280ZT　2by2,1
フェアレディZ,3.0300ZX2by2Tバールーフ,1
フェアレディZ,3.0300ZX2シーター,1
フェアレディZ,3.0300ZXツインターボ2by2Tバールーフ,1
フェアレディZ,3.0300ZXツインターボ2シーターTバールーフ,1
フェアレディZ,3.0バージョンS2by2Tバールーフ,4
フェアレディZ,3.5,2
フェアレディZ,3.5バージョンS,3
フェアレディZ,3.5バージョンST,1
フェアレディZ,3.5バージョンT,4
フェアレディZ,3.5バージョンニスモタイプ380RS,1
フェアレディZ,3.7バージョンS,2
フェアレディZ,3.7バージョンT,1
フェアレディZ,3.7バージョンニスモ,2
フェアレディZコンバーチブル,3.0,1
フェアレディZロードスター,3.5バージョンST,1
フェアレディZロードスター,3.5バージョンT,1
フォレスター,2.0S/20タイプA4WD,1
フォレスター,2.0S/tb-STiII4WD,5
フォレスター,2.0S/tb4WD,1
フォレスター,2.0Sリミテッド4WD,3
フォレスター,2.0XT4WD,2
フォレスター,2.0XTアイサイト4WD,3
フォレスター,2.0XフィールドリミテッドII4WD,1
フォレスター,2.0i-Sアイサイト4WD,1
フォレスター,2.0クロススポーツ4WD,2
フォレスター,2.0クロススポーツSエディション4WD,1
フォレスター,2.0クロススポーツi4WD,1
フォレスター,2.5T/254WD,1
フォーカス,スポーツ,1
フォーカスワゴン,2000ギア,2
フォーツークーペ,ブラバスエクスクルーシブ,3
フォード,RS,1
フリートウッド,ノーハイドロ　8ナンバー,1
フリートウッド,ブロアムエレガンス,1
フリード,1.5G,2
フリード,1.5Gジャストセレクション,1
フリード,1.5フレックスFパッケージ,1
フリードスパイク,1.5Gジャストセレクション,1
フリードハイブリッド,1.5ジャストセレクション+,1
フリーランダー2,2.04WD,1
フリーランダー2,HSE4WD,1
フリーランダー2,S4WD,1
フレアワゴン,660カスタムスタイルXS,1
フーガ,2.5250GT,4
フーガ,3.5350GT,2
フーガ,3.5350GTFOUR4WD,3
フーガ,3.5350GTスタイリッシュブラックリミテッドII,2
フーガ,3.5350GTスポーツパッケージ,2
フーガ,4.5450GTスポーツパッケージ,1
フーゾ,ドルフィン,1
ブラボー,660GTスーパーエアロルーフ,1
ブルーバード,1.8SSS,1
ブルーバードシルフィ,1.818Vi,1
ブルーバードシルフィ,1.818ViGパッケージ,1
ブルーバードシルフィ,2.020M,3
ブレイザー,LS4WD,3
ブレビス,2.5Ai250,3
ブレビス,2.5Ai250プレミアム,2
ブーン,0.9X4ハイグレードパック4WD,1
ブーン,1.0CLFパッケージ,1
プラス8,プラス8,1
プリウス,1.5G,7
プリウス,1.5Gツーリングセレクション,3
プリウス,1.5S,4
プリウス,1.5Sツーリングセレクション,2
プリウス,1.8G,1
プリウス,1.8Gツーリングセレクションレザーパッケージ,2
プリウス,1.8L,2
プリウス,1.8S,15
プリウス,1.8SLEDエディション,5
プリウス,1.8Sツーリングセレクション,2
プリウス,1.8SツーリングセレクションG's,1
プリウスPHV,1.8G,1
プリウスα,1.8G,1
プリウスα,1.8S,3
プリウスα,1.8Sツーリングセレクション,4
プリメーラ,1.818G,1
プリメーラ,2.0オーテックバージョン,1
プリメーラワゴン,2.0W20L,1
プレオ,660A,2
プレオ,660F,4
プレオ,660F4WD,3
プレオ,660L,1
プレオ,660LM,1
プレオ,660LSマイルドチャージ,1
プレオ,660Lプラスパッケージ,1
プレオ,660Lマイルドチャージ,1
プレオ,660RM,3
プレオ,660RS,1
プレオ,660RS4WD,2
プレオ,660RSリミテッド4WD,1
プレオ,660ネスタGスペシャルマイルドチャージ,1
プレオ,660ネスタRG4WD,1
プレサージュ,2.5V4WD,1
プレサージュ,2.5X,1
プレサージュ,2.5ハイウェイスター,4
プレサージュ,2.5ハイウェイスター4WD,1
プレジデント,4.5JSタイプG,1
プレジデント,4.5ソブリン,3
プレマシー,2.020C,2
プレマシー,2.020CS,1
プレマシー,2.020S,1
プレマシー,2.020SDISI,1
プレミオ,1.5F,1
プログレ,2.5NC250,4
プログレ,2.5NC250Four4WD,1
プログレ,2.5NC250ウォールナットパッケージ,1
プログレ,3.0NC300,1
プロシード,2.6キャブプラス4WD,1
プロフィア,10tダンプ,1
プロボックスバン,1.5CNG,2
プロボックスバン,1.5GL,1
プント,スポルティングアバルト,1
プントカブリオ,セレクタ,1
ベリーサ,1.5,1
ベルエア,Handyman,1
ホイールローダーWA100-6除雪パッケージ,KOMATSUWA100-6タイヤショベル,2
ボクスター,2.5,1
ボクスター,2.7,3
ボクスター,2.7ティプトロニックS,3
ボクスター,S,1
ボンゴトラック,2.0DXワイドローディーゼルターボ4WD,1
ボンゴトラックキャンピングカー,AtoZ　アレン,1
ボンゴフレンディ,2.0RS-Vエアロ,2
ボンゴフレンディ,2.0シティランナー,1
ボンゴフレンディ,2.5RF-Vディーゼルターボ4WD,1
ボーラ,V64モーション4WD,2
ポルテ,1.3130i,3
ポルテ,1.3130iCパッケージ,2
ポルテ,1.3130iHIDセレクション,1
ポルテ,1.5150r,2
ポルテ,1.5150rGパッケージ,2
ポルテ,1.5150rウェルキャブサイドアクセス車脱着シートプラス専用車いす仕様,2
ポロ,1.4,10
ポロ,1.4コンフォートライン,1
ポロ,1.6スポーツライン,1
ポロ,TSIコンフォートライン,3
ポーター,キャブ,2
マイティボーイ,オリジナル車,1
マイティボーイ,ベースグレード,2
マキシマ,3.0タイプII,1
マグナム,SXT3.5V6,1
マスタング,351グランデ,2
マスタング,ShelbyGT500,1
マスタング,V63.7L6MT　ブラックレザーシート　HID,1
マスタング,V6クーペプレミアム,1
マスタング,V8GTパフォーマンスパッケージ,2
マスタングコンバーチブル,V6プレミアム走行証明書米国車検証,1
マークII,2.0グランデ,6
マークII,2.0グランデツインカム24,1
マークII,2.0グランデリミテッド,1
マークII,2.5グランデiR-V,2
マークII,2.5ツアラーV,8
マークII,iR-Sフォーチュナ5ATHID　キーレスCD,1
マークIIクオリス,2.5ツアラーエディション,1
マークIIバン,2.0GL,1
マークIIブリット,2.0iR,2
マークIIブリット,2.5iR-S,1
マークIIブリット,2.5iR-SFour4WD,1
マークVIII,4.6,1
マークX,2.5250G,1
マークX,2.5250GFour4WD,2
マークX,2.5250GFourFパッケージスマートエディション4WD,1
マークX,2.5250GFパッケージ,2
マークX,2.5250GSパッケージG's,1
マークXジオ,3.5350G,1
マーチ,1.0ボレロ,1
マーチ,1.212E,1
マーチ,1.212S,2
マーチ,1.212SR,1
マーチ,1.212X,1
マーチ,1.212c,15
マーチ,1.212c70th-II,3
マーチ,1.212cVセレクション,2
マーチ,1.212ciセレクション,1
マーチ,1.2XVセレクション,1
マーチ,1.3ルンバ,1
マーチ,1.414c-four4WD,2
マーチ,1.414e,2
マーチ,1.414e-four4WD,3
マーチ,1.414s-four4WD,1
マーチ,1.4ボレロ4WD,1
マーチ,1.515E,1
ミジェット1500,ウェーバーキャブ　アルミダッシュパネル,3
ミストラル,2.7タイプRディーゼルターボ4WD,1
ミゼットII,660,1
ミゼットII,660カーゴRタイプ,2
ミゼットII,ピック　クーラー,1
ミディアムクラスワゴン／Tシリーズ,300TE,1
ミディアムクラスワゴン／Tシリーズ,Tシリーズ　300TDT,1
ミト,スプリント,3
ミニ,1.0キャブ,2
ミニ,1.3iタータン,1
ミニ,1.3オートマチック,1
ミニ,MK-Ⅰ仕様,1
ミニ,カブリオレ,1
ミニ,クーパー,16
ミニ,クーパー1.3,2
ミニ,クーパー1.3I,1
ミニ,クーパー1.3i35thアニバーサリーオート,1
ミニ,クーパー40thアニバーサリーリミテッド,3
ミニ,クーパーS,8
ミニ,クーパーS3ドア,1
ミニ,グリーン　センターメーター,1
ミニ,ケンジントン,2
ミニ,ジョンクーパーSP1000　SUツインキャブ,1
ミニ,ジョン・クーパー・ワークス,1
ミニ,ツインインジェクター,1
ミニ,ヘリテージカラーセレクション,1
ミニ,ミニ,1
ミニ,ミニ1000,1
ミニ,ミニバン,2
ミニ,メイフェア,5
ミニ,メイフェア1.3iオート,1
ミニ,ワン,3
ミニ　マイナー,マイナー,1
ミニカ,660Pg4WD,1
ミニカ,660グッピー,1
ミニカ,660ライラ,1
ミニカ,660ライラ4WD,1
ミニカ,660ヴォイス,1
ミニカウォークスルーバン,移動販売車,1
ミニキャブトラック,660TD三方開4WD,2
ミニキャブトラック,660VX-SEエアコン付,3
ミニキャブトラック,660楽床ダンプ4WD,1
ミニキャブトラック,マイティ,1
ミニキャブバン,660CDハイルーフ,1
ミニキャブバン,660CDハイルーフ4WD,1
ミニキャブバン,660CLハイルーフ4WD,1
ミニクラブマン,クーパーS,1
ミニクロスオーバー,クーパー,2
ミニクロスオーバー,クーパーSオール4,3
ミニクロスオーバー,ワン,5
ミニコンバーチブル,クーパー,1
ミニコンバーチブル,クーパーS,2
ミニペースマン,クーパー,1
ミニペースマン,クーパーオール4,1
ミニペースマン,ジョン・クーパー・ワークス4WD,1
ミラ,550パルコ,1
ミラ,5ドア　CX,1
ミラ,660A4WD,1
ミラ,660CD,2
ミラ,660D,1
ミラ,660L,3
ミラ,660L4WD,2
ミラ,660TAスペシャル,1
ミラ,660TL,1
ミラ,660TR-XXアバンツァートR,2
ミラ,660TR-XXアバンツァートR44WD,3
ミラ,660X,5
ミラ,660Xリミテッド4WD,1
ミラ,660カスタムL,1
ミラ,660カスタムX4WD,2
ミラ,TX,1
ミラ,パルコクラシック,1
ミラアヴィ,660L,1
ミラアヴィ,660RS,2
ミラアヴィ,660X,2
ミライース,660L,1
ミライース,660LSA,1
ミライース,660Lメモリアルエディション,1
ミライース,660X,1
ミラココア,660X,2
ミラココア,660プラスX,1
ミラココア,660プラスXスペシャルコーデ,1
ミラジーノ,5速,3
ミラジーノ,660,13
ミラジーノ,6604WD,1
ミラジーノ,660L,2
ミラジーノ,660S,1
ミラジーノ,660Sエディション4WD,1
ミラジーノ,660X,3
ミラジーノ,660ターボ,2
ミラジーノ,660ミニライト,1
ミラジーノ,660ミニライトスペシャル,7
ミラジーノ,660ミニライトスペシャルターボ,1
ミラジーノ,ミニライトスペシャル,1
ミラジーノ1000,1.0,1
ミラージュ,1.0M,2
ミラージュ,1600GT　UCLAバージョン,1
ミラージュディンゴ,1.5J,1
ミレーニア,2.020M,2
ミレーニア,2.525M,2
ムラーノ,2.5250XL,1
ムラーノ,2.5250XLFOUR4WD,2
ムラーノ,3.5350XV,1
ムラーノ,3.5350XVモードブラウンレザー,1
ムルシエラゴ,LP640eギア4WD,1
ムルシエラゴ,LP670-4SV,2
ムルシエラゴ,RGT-LM,1
ムルティプラ,ELX,1
ムーヴ,660CL,3
ムーヴ,660CLセレクション,1
ムーヴ,660CLセレクション4WD,1
ムーヴ,660L,11
ムーヴ,660L4WD,1
ムーヴ,660LSA,3
ムーヴ,660VS,1
ムーヴ,660VS4WD,1
ムーヴ,660Xリミテッド,2
ムーヴ,660Z44WD,1
ムーヴ,660エアロダウンRS,1
ムーヴ,660エアロダウンカスタム,3
ムーヴ,660エアロダウンカスタム4WD,3
ムーヴ,660エアロダウンカスタムXX,1
ムーヴ,660カスタム4WD,1
ムーヴ,660カスタムL,1
ムーヴ,660カスタムL4WD,2
ムーヴ,660カスタムR4WD,1
ムーヴ,660カスタムRS,5
ムーヴ,660カスタムRSナビエディション,1
ムーヴ,660カスタムRSリミテッド4WD,1
ムーヴ,660カスタムVS,1
ムーヴ,660カスタムX,13
ムーヴ,660カスタムXSA,5
ムーヴ,660カスタムXリミテッド,5
ムーヴ,660カスタムXリミテッド4WD,2
ムーヴ,660カスタムパルコ,2
ムーヴ,660カスタムメモリアルエディション4WD,1
ムーヴ,Pico,1
ムーヴ,スローパー車イス移動車,1
ムーヴコンテ,660L,3
ムーヴコンテ,660Lリミテッド,1
ムーヴコンテ,660カスタムG,1
ムーヴコンテ,660カスタムRS,1
ムーヴコンテ,660カスタムRS4WD,1
ムーヴコンテ,660カスタムX,2
ムーヴコンテ,660カスタムX4WD,1
ムーヴラテ,660L4WD,2
ムーヴラテ,660X,3
ムーヴラテ,660クール,1
ムーヴラテ,660クールターボ,3
ムーヴラテ,660モユ,2
メラクSS,ディーラー車,1
メルセデス・ベンツ,280SE3.5　ガブリオレ,3
メルセデス・ベンツ,450SE,1
モコ,660,1
モコ,660B,2
モコ,660C,6
モコ,660C4WD,1
モコ,660E,2
モコ,660EFOUR4WD,1
モコ,660G,1
モコ,660S,3
モコ,660T,1
モコ,660T4WD,1
モコ,660ドルチェX,1
モコ,660ブランベージュセレクション4WD,1
モデルT型,1923年式,1
モビリオ,1.5A,3
モビリオ,1.5W,1
モビリオスパイク,1.5AUタイプ4WD,1
モビリオスパイク,1.5Aタイプ,4
モビリオスパイク,1.5Aタイプ4WD,1
モビリオスパイク,1.5AタイプLパッケージ,1
モビリオスパイク,1.5Wタイプ,1
モンテカルロ,SS,1
モンディアル,t,1
ユーコン,SLE5.7V84WD,1
ユーノス500,1.818D,1
ユーノス500,1.818K,2
ユーノスコスモ,20BロータリーターボタイプSX,1
ユーノスプレッソ,1.8Fi-XSV,1
ヨーロッパ,1.6,1
ヨーロッパ,EUROPA　SPECIAL,1
ライトエーストラック,2.0DXシングルジャストローロングスチールデッキ三方開ディーゼル4WD,1
ライフ,660B,1
ライフ,660Bタイプ,1
ライフ,660C,7
ライフ,660C4WD,1
ライフ,660Cスーパートピック,2
ライフ,660D,1
ライフ,660F,12
ライフ,660F4WD,2
ライフ,660Fターボ,2
ライフ,660G,7
ライフ,660Gタイプ,6
ライフ,660L,1
ライフ,660Lタイプ,1
ライフ,660スーパートピック,1
ライフ,660ダンクTR,3
ライフ,660ダンクTR4WD,1
ライフ,660ダンクディーバ,1
ライフ,660ディーバ,5
ライフ,660ディーバクールセレクト,1
ライフ,660ディーバスマートスタイル,1
ライフ,660パステル,2
ライフ,660メヌエット,3
ラウム,1.5Cパッケージ,1
ラウム,1.5Cパッケージ4WD,1
ラウム,1.5Gパッケージ,1
ラウム,1.5Gパッケージ4WD,1
ラウム,1.5Sパッケージ,2
ラウム,1.5セパレート,2
ラウム,1.5セパレートGパッケージ,1
ラクティス,1.3XLパッケージ,3
ラクティス,1.3Xウェルキャブ車いす仕様車タイプII,1
ラクティス,1.5G,1
ラクティス,1.5G4WD,1
ラクティス,1.5GSパッケージ,1
ラクティス,1.5Gウェルキャブ助手席リフトアップシート車Aタイプ,1
ラクティス,1.5Gパノラマパッケージ,1
ラグレイト,3.5,1
ラシーン,1.5タイプA4WD,2
ラシーン,1.5タイプI4WD,2
ラシーン,1.5タイプII4WD,5
ラシーン,2.0フォルザ4WD,1
ラピュタ,660XEエクストラ,3
ラフェスタ,2.020Mパノラミックルーフ仕様,1
ラフェスタ,2.020Sパノラミックルーフ仕様,1
ラフェスタ,2.0プレイフルパノラミックルーフ仕様,2
ラフェスタ,2.0プレイフルパノラミックルーフ仕様4WD,1
ラフェスタ,2.0ライダー,1
ラムトラック,自社輸入走行証明書有リフトアップ20inAW,1
ラムバン,RAM　1500　コンバージョン,1
ラムバン,ティアラ　ダイヤモンドEXT,1
ラルゴ,2.4ハイウェイスター4WD,2
ラングラー,アンリミテッドサハラ,2
ラングラー,アンリミテッドサハラ4WD,3
ラングラー,アンリミテッドスポーツ,6
ラングラー,アンリミテッドスポーツ4WD,1
ラングラー,サハラ　ソフトトップ　4WD　4人,1
ラングラー,サハラハードトップ4WD,2
ラングラー,スポーツ4WD,2
ラングラー,スポーツソフトトップ4WD,3
ラングラー,新車2012アンリミテッド　サハラ　2.8CRD,9
ランサー,EX　GSR　ターボ,1
ランサーエボリューション,2.0GSRIII4WD,8
ランサーエボリューション,2.0GSRIV4WD,4
ランサーエボリューション,2.0GSRV4WD,4
ランサーエボリューション,2.0GSRVI4WD,1
ランサーエボリューション,2.0GSRVII4WD,3
ランサーエボリューション,2.0GSRX4WD,2
ランサーセディア,1.5MX-E,1
ランサーセディアワゴン,1.8Tツーリング,2
ランディ,2.0G,1
ランディ,2.0S,1
ランドクルーザー100,4.7VXリミテッド4WD,3
ランドクルーザー100,4.7VXリミテッドGセレクション4WD,2
ランドクルーザー100,4.7VXリミテッドGセレクションツーリングエディション4WD,1
ランドクルーザー200,4.6ZX4WD,1
ランドクルーザー40,STD,3
ランドクルーザー40,ランドクルーザー40,2
ランドクルーザー55,4.2,1
ランドクルーザー60,4.0GXハイルーフディーゼル4WD,2
ランドクルーザー60,4.0VXハイルーフ4WD,1
ランドクルーザー60,4.0VXハイルーフディーゼルターボ4WD,1
ランドクルーザー70,4.2LXFRPトップディーゼル4WD,2
ランドクルーザー70,4.2ZXFRPトップディーゼル4WD,1
ランドクルーザー70,4.2ZXディーゼル4WD,5
ランドクルーザー80,4.2VXディーゼルターボ4WD,2
ランドクルーザー80,4.2VXリミテッドディーゼルターボ4WD,3
ランドクルーザー80,4.5VX4WD,1
ランドクルーザー80,4.5VXリミテッド4WD,1
ランドクルーザーシグナス,4.74WD,2
ランドクルーザープラド,2.4SXディーゼルターボ4WD,3
ランドクルーザープラド,2.7TX4WD,4
ランドクルーザープラド,2.7TXLパッケージ4WD,1
ランドクルーザープラド,3.0EXワイドディーゼルターボ4WD,2
ランドクルーザープラド,3.0RXディーゼルターボ4WD,2
ランドクルーザープラド,3.0SXワイドディーゼルターボ4WD,3
ランドクルーザープラド,3.0TXディーゼルターボ4WD,3
ランドクルーザープラド,3.4TZ4WD,2
リエッセ,スーパーツーリングターボ29人乗り,1
リッジライン,スポーツ4WD,1
リバティ,2.0G,2
リバティ,2.0Gナビパッケージ,2
リーフ,G,2
ルポ,1.2ディーゼルターボ3LTDI,1
ルポ,コンフォートパッケージ,3
ルークス,660E4WD,2
ルークス,660ハイウェイスターリミテッド4WD,1
ルーテシア,1.2クイックシフト5,1
ルーテシア,1.6,1
ルーテシア,1.6エル,1
ルーテシア,ルノースポール2.0,1
レオーネ,1.8GTS,1
レガシィB4,2.0GT4WD,3
レガシィB4,2.0RSK4WD,4
レガシィB4,2.0i4WD,2
レガシィB4,2.0ブリッツェン2001モデル4WD,1
レガシィB4,2.5iアイサイト4WD,2
レガシィB4,3.0RスペックB4WD,1
レガシィB4,USA　sedan3.6RLimited,1
レガシィアウトバック,2.5i4WD,1
レガシィアウトバック,2.5iSスタイル4WD,3
レガシィアウトバック,2.5iSスタイルリミテッド4WD,1
レガシィツーリングワゴン,2.0Bスポーツ4WD,1
レガシィツーリングワゴン,2.0GT-B4WD,2
レガシィツーリングワゴン,2.0GT-BE-tune4WD,4
レガシィツーリングワゴン,2.0GT-BE-tuneII4WD,6
レガシィツーリングワゴン,2.0GT-Bリミテッド4WD,2
レガシィツーリングワゴン,2.0GT-VDC4WD,1
レガシィツーリングワゴン,2.0GT4WD,5
レガシィツーリングワゴン,2.0GTDIT4WD,1
レガシィツーリングワゴン,2.0GTアーバンセレクション4WD,1
レガシィツーリングワゴン,2.0GTスペックB4WD,2
レガシィツーリングワゴン,2.0R4WD,2
レガシィツーリングワゴン,2.0TSタイプR4WD,1
レガシィツーリングワゴン,2.0i4WD,1
レガシィツーリングワゴン,2.5250S4WD,1
レガシィツーリングワゴン,2.5GTtS4WD,1
レガシィツーリングワゴン,2.5GTアイサイトSパッケージ4WD,2
レガシィツーリングワゴン,2.5iSパッケージ4WD,2
レガシィツーリングワゴン,3.0Rアイボリーレザーセレクション4WD,1
レガシィランカスター,2.54WD,4
レガシィランカスター,3.064WD,1
レジアス,2.7Vプレミアムエディション,1
レジアス,3.0Vディーゼルターボ,1
レジアス,3.0ディーゼルターボ　4ナンバー,1
レジアスエース,2.7スーパーGLワイドミドルルーフロングボディ,1
レジアスエース,3.0スーパーGLプライムセレクションロングボディディーゼルターボ4WD,1
レジアスエース,3.0スーパーGLロングボディディーゼル4WD,1
レジアスエース,3.0スーパーGLロングボディディーゼルターボ4WD,2
レジアスエース,キャンピング　4WD,1
レジェンド,3.54WD,4
レジェンド,3.7L4WD,2
レパード,2.0XS,1
レパードJ.フェリー,3.0タイプL,1
レパードJ.フェリー,4.1タイプX,4
レンジャー,6.4Dワイド,1
レンジャー,ダンプ3.75t,1
レンジャー,深ボデー,1
レンジローバー,3.94WD,1
レンジローバー,HSE4WD,1
レンジローバー,ヴォーグ4WD,2
レンジローバースポーツ,4.2V8スーパーチャージド4WD,1
レヴォーグ,1.6GT-Sアイサイト,9
ロゴ,スポルティックTSユーテックN1300仕様,1
ロッキー,1.6SX4WD,1
ローザ,オリジナルキャンパー,2
ロードスター,1.6,2
ロードスター,1.6M,1
ロードスター,1.6M21002,1
ロードスター,1.6SP,1
ロードスター,1.6Vスペシャル,1
ロードスター,1.6スペシャルパッケージ,1
ロードスター,1.8JリミテッドII,1
ロードスター,1.8RS,3
ロードスター,1.8S,1
ロードスター,1.8SRリミテッド,2
ロードスター,1.8Sスペシャル,2
ロードスター,1.8VS,2
ロードスター,1.8Vスペシャル,3
ロードスター,1.8スペシャルパッケージ車,2
ロードスター,2.0RS,1
ロードスター,2.0SRHT,1
ロードスター,WEBチューン,1
ローレル,2.0メダリスト,2
ローレル,2.0メダリストNAVIエディション,1
ローレル,2.0メダリストプレミア,1
ローレル,2.525メダリストNAVIエディション,1
ローレル,C30型,1
ローレル,RB25ターボ,2
ローレル,SGX,1
ローレル,クラブS改ターボ5速公認,1
ローレル,ターボ,2
ローレル,メダリスト最終型RB26黒革サンルーフ,1
ローレル,後期メダリストターボ,2
ワゴンR,66020周年記念車,1
ワゴンR,66021世紀記念スペシャルFMエアロ,2
ワゴンR,660FA4WD,1
ワゴンR,660FM,4
ワゴンR,660FM-G,2
ワゴンR,660FM-Gリミテッド,1
ワゴンR,660FM-Tリミテッドエアロ,2
ワゴンR,660FMエアロ,3
ワゴンR,660FT-Sリミテッド,1
ワゴンR,660FTエアロ,1
ワゴンR,660FX,16
ワゴンR,660FX-Sリミテッド,10
ワゴンR,660FX-Tリミテッド,1
ワゴンR,660FX-Tリミテッド4WD,2
ワゴンR,660FX4WD,2
ワゴンR,660FXリミテッド,11
ワゴンR,660FXリミテッド4WD,1
ワゴンR,660FXリミテッドII,1
ワゴンR,660FXリミテッドII4WD,3
ワゴンR,660FZ,2
ワゴンR,660N-1,7
ワゴンR,660N-1ターボ,1
ワゴンR,660RR,2
ワゴンR,660RR-DI,7
ワゴンR,660RR-DI4WD,3
ワゴンR,660RR-FSリミテッド,2
ワゴンR,660RR-SWT,1
ワゴンR,660RR-Sリミテッド,2
ワゴンR,660RR4WD,3
ワゴンR,660RRバージョンV,1
ワゴンR,660RRリミテッド,4
ワゴンR,660RRリミテッド4WD,4
ワゴンR,660RT,1
ワゴンR,660RX,1
ワゴンR,660エアロRR4WD,1
ワゴンR,660コラム,1
ワゴンR,660スティングレーT,3
ワゴンR,660スティングレーTレーダーブレーキサポート装着車,1
ワゴンR,660スティングレーX,9
ワゴンR,660スティングレーリミテッド,2
ワゴンR,660リミテッドII,1
ワゴンR,FM5ドア　電動格納ミラー　エアバッグ,1
ワゴンR,福祉車両スローパー,1
ワゴンRソリオ,1.3E,1
ヴァナゴン,T3　キャンピング,1
ヴァンガード,2.4240S,3
ヴァンガード,2.4240S4WD,1
ヴァンガード,3.5350SGパッケージ4WD,1
ヴァンキッシュ,タッチトロニック2　ディーラー車,1
ヴィッツ,1.0F,3
ヴィッツ,1.0FDパッケージ,3
ヴィッツ,1.0Fクリームコレクション,1
ヴィッツ,1.3F,2
ヴィッツ,1.3F4WD,1
ヴィッツ,1.3RS,4
ヴィッツ,1.3U,4
ヴィッツ,1.3ジュエラ,1
ヴィッツ,1.5RS,4
ヴィヴィオ,3ドア660RX-RA4WD,1
ヴィヴィオ,3ドア　660　GX-R　4WD,1
ヴィヴィオ,660RX-R,4
ヴィヴィオ,660RX-R4WD,1
ヴィヴィオタルガトップ,660T-top,1
ヴィヴィオタルガトップ,660T-topGX-T,1
ヴィヴィオタルガトップ,T-top　GX-T　5速仕様,1
ヴィヴィオビストロ,660,4
ヴィヴィオビストロ,660L,1
ヴェイロン,16.4グランスポーツ,1
ヴェイロン,BlueCentenaire,2
ヴェゼル,1.5X,1
ヴェゼル,1.5ハイブリッドX,3
ヴェルファイア,2.4Z,1
ヴェルファイア,2.4Zプラチナセレクション,3
ヴェルファイア,3.5V,1
ヴェルファイア,3.5Z,2
ヴェルファイア,3.5Z4WD,1
ヴェルファイアハイブリッド,2.4ZRGエディション4WD,1
ヴォクシー,1.8ハイブリッドV,6
ヴォクシー,2.0V,1
ヴォクシー,2.0X,2
ヴォクシー,2.0X4WD,1
ヴォクシー,2.0XGエディション,1
ヴォクシー,2.0XGエディションVSCパッケージ4WD,1
ヴォクシー,2.0XGエディションナビパッケージ,2
ヴォクシー,2.0XLエディション,2
ヴォクシー,2.0Xリミテッド4WD,1
ヴォクシー,2.0Z,2
ヴォクシー,2.0ZGエディション,2
ヴォクシー,2.0ZS,6
ヴォクシー,2.0ZS煌,1
ヴォクシー,2.0Z煌,2
ヴォクシー,2.0Z煌II,1
